sample,haplotype,contig,BAKIR allele,BAKIR positions,BAKIR global edit distance,BAKIR core jaccard distance,BAKIR missing core variants,BAKIR new core variants,Immunannot allele,Immunannot positions,Immunannot global edit distance,Immunannot core jaccard distance,Immunannot missing core variants,Immunannot new core variants,SKIRT allele,SKIRT positions,SKIRT global edit distance,SKIRT core jaccard distance,SKIRT missing core variants,SKIRT new core variants
HG01123,maternal,HG01123#2#h2tg000184l,KIR3DP1*011,"(926816, 932529)",7,0.000662690523525522,set(),"{(3706, 'A>C')}",KIR3DP1*011,"(926817, 932529)",7,0.000662690523525522,set(),"{(3706, 'A>C')}",KIR3DP1*0060101,"(926825, 932262)",1651.0,0.9761431411530815,"{(335, 'delGGGGATGGAGATCTGGGCCCAGAGGTGGAGATATAGGCCTGGAGGTGGAGTTATGGGCCTGGAGTGGAGATCTGGGCCTGGAGTGGATATATGGGCCTGGAGATGGAGTGATGGGCCTAGAAGTGGAGATCTGGGTCTGGAGTGGAGATATGGGCCTGGAGGTGGAGATATGGGCCTGGAGTGGAGATCTGGGCCTGGAGTGGAGATAGGAACCTGGAGGGGAGATATGAGCCTGGAGTGAAGATATTGGCCTGGGATGGAGATATGGGCCTGGAGTGGAGACATGGGCCTGGAGGTGGAGATATGGGCCTGGAGGTGGAGACATGGGCCTAGAGGTGGATATCTGGGCCTGGAGTGGACATATGGGCCTAGGATGGAGATATGGGCCTGGGTGTGGAGATATGGGCTTGGGGTGGAGATATGGGCCTGGATTGGAGATATGGGTCTAGGGTGGAAATATTGGCCTGGAGTGGAGATATGGGCCTGGAGTGGAGATATGGGCTTGGGGTGGGGATAGGGGCCTGGGGTGCGGATATGGGCCTGCAGGCTGGGTCTCTACACAGCCGACAGCCCTGTTCTTGGGTGCAGGCTGGCACTGAGGGTGAGTTTCCCTTCAGCCCAGCAAGGGCCTGGCTACCAAGACTCACAGCCCAGTGGGGGCAGCAAGGGAGTCCTGGTTTGCCTGCAGATGGATGGTCCATCATGATCTTTCTTTCCAGGGTTCTTCTTGCTGCAGGGGGCCTGGACACATGAGGGTGAGTCCTTCTCCAAACCTTCGGGTGTCATCTCCCCACATAAGAGGATTTTCCTGAAACAGGAGGGAAGCCCGGTGGGGGATTTTCTTATAAACAAGGATGAGGAGACCCTGGGGTGCTCAGCCCACAGTTCCGACCTTGCCCTCCCCAGCCTTCCTTTCCCTTGGCTGAGTCAGGTTCTGTGGGAACCCGGGAGGGTAGACTGGGGTCCTCCAAGCTGGGCTGTGCGGCTGGGATGTGGTGTCACTGGCAGAGGAAGGGAGCAAAGCAGTGCTAGGAACAGCAGGCCTCTGAGGACAAAGGTGTAACTCACACCCTCCAGCGTTTCCATGACGGTAGGGGCTGCAGTGTGGCTGCTGTCATTCTACCTCAGAGGTGGGGGAACCCCAGCCAGGGCCCTGACCTTCCAAATCCTCTGTTGGGGGCTCAGTTGTGTATTGTGGTTCACACATTGGCTGATATTCCATTCACAAAGAACATGCCCTCGACTCCATGTCTATTTGTGTTGTTTTATGTGAGTAATCTTGCAGGATTAAAATCTAGTAGGAGTCCCTTACTCAGCACTTGCTCAAAGTTCTCAGCTGACACTTTTGTTGTAGAGAGACGCCAAGTCTATGCGGGGTGGGTCCTTCCTGTAGCCCTGGGCACCCAGGTGTGGTAGGAGCCTTAGAAAGTGGAAATGGGAGAATCTTCTGACACGTGGAGGGAGGGGCGGCTC')}",set()
HG01123,paternal,HG01123#1#h1tg000061l,KIR3DP1*007,"(3891214, 3896907)",38,0.000662690523525522,set(),"{(282, 'G>A')}",KIR3DP1*0030201,"(3891482, 3896898)",1639,0.9781312127236581,"{(335, 'delGGGGATGGAGATCTGGGCCCAGAGGTGGAGATATAGGCCTGGAGGTGGAGTTATGGGCCTGGAGTGGAGATCTGGGCCTGGAGTGGATATATGGGCCTGGAGATGGAGTGATGGGCCTAGAAGTGGAGATCTGGGTCTGGAGTGGAGATATGGGCCTGGAGGTGGAGATATGGGCCTGGAGTGGAGATCTGGGCCTGGAGTGGAGATAGGAACCTGGAGGGGAGATATGAGCCTGGAGTGAAGATATTGGCCTGGGATGGAGATATGGGCCTGGAGTGGAGACATGGGCCTGGAGGTGGAGATATGGGCCTGGAGGTGGAGACATGGGCCTAGAGGTGGATATCTGGGCCTGGAGTGGACATATGGGCCTAGGATGGAGATATGGGCCTGGGTGTGGAGATATGGGCTTGGGGTGGAGATATGGGCCTGGATTGGAGATATGGGTCTAGGGTGGAAATATTGGCCTGGAGTGGAGATATGGGCCTGGAGTGGAGATATGGGCTTGGGGTGGGGATAGGGGCCTGGGGTGCGGATATGGGCCTGCAGGCTGGGTCTCTACACAGCCGACAGCCCTGTTCTTGGGTGCAGGCTGGCACTGAGGGTGAGTTTCCCTTCAGCCCAGCAAGGGCCTGGCTACCAAGACTCACAGCCCAGTGGGGGCAGCAAGGGAGTCCTGGTTTGCCTGCAGATGGATGGTCCATCATGATCTTTCTTTCCAGGGTTCTTCTTGCTGCAGGGGGCCTGGACACATGAGGGTGAGTCCTTCTCCAAACCTTCGGGTGTCATCTCCCCACATAAGAGGATTTTCCTGAAACAGGAGGGAAGCCCGGTGGGGGATTTTCTTATAAACAAGGATGAGGAGACCCTGGGGTGCTCAGCCCACAGTTCCGACCTTGCCCTCCCCAGCCTTCCTTTCCCTTGGCTGAGTCAGGTTCTGTGGGAACCCGGGAGGGTAGACTGGGGTCCTCCAAGCTGGGCTGTGCGGCTGGGATGTGGTGTCACTGGCAGAGGAAGGGAGCAAAGCAGTGCTAGGAACAGCAGGCCTCTGAGGACAAAGGTGTAACTCACACCCTCCAGCGTTTCCATGACGGTAGGGGCTGCAGTGTGGCTGCTGTCATTCTACCTCAGAGGTGGGGGAACCCCAGCCAGGGCCCTGACCTTCCAAATCCTCTGTTGGGGGCTCAGTTGTGTATTGTGGTTCACACATTGGCTGATATTCCATTCACAAAGAACATGCCCTCGACTCCATGTCTATTTGTGTTGTTTTATGTGAGTAATCTTGCAGGATTAAAATCTAGTAGGAGTCCCTTACTCAGCACTTGCTCAAAGTTCTCAGCTGACACTTTTGTTGTAGAGAGACGCCAAGTCTATGCGGGGTGGGTCCTTCCTGTAGCCCTGGGCACCCAGGTGTGGTAGGAGCCTTAGAAAGTGGAAATGGGAGAATCTTCTGACACGTGGAGGGAGGGGCGGCTC')}","{(282, 'G>A'), (1973, 'A>G'), (1080, 'A>C')}",KIR3DP1*007,"(3891481, 3896898)",38.0,0.000662690523525522,set(),"{(282, 'G>A')}"
HG00733,maternal,HG00733#2#h2tg000174l,KIR3DL3*055,"(982471, 994869)",107,0.005747126436781658,"{(1938, 'G>A')}",set(),KIR3DL3*005,"(982472, 994869)",794,0.02298850574712641,"{(262, 'insTCAT')}",set(),KIR3DL3*005,"(983008, 994607)",794.0,0.02298850574712641,"{(262, 'insTCAT')}",set()
HG00741,paternal,HG00741#1#h1tg000117l,KIR2DS1*0020103,"(357615, 372336)",25,0.010033444816053505,set(),"{(276, 'A>T'), (2084, 'T>C'), (277, 'C>T')}",KIR2DS1*00502,"(357635, 372336)",306,0.9464882943143813,"{(2028, 'delGTGGTCAGGACAAGCCCTTGCTGTCTGCCTGGCCAAGCCCTGTGGTGCCTCCAGGATATGTGATTCTTCAGTGTCATTCTTATCTTGGGTTTAACAACTTCAGTCTGTAAAAGGAAGATGGGGTGCCTGTCCCTGAGCTCTACAACATAATATTCTGGAACAGCCTTTTCATGGGCCCTGTGACCCCAGCACACGCAGGGACCTATACATGTCGGGGTTCACAACCACACTACCCCAGTGGGTGGTCGGCACCCAGCAACCCCCTGGAGATCACGGTCACAG')}","{(2084, 'T>C')}",KIR2DS1*00502,"(357883, 371712)",306.0,0.9464882943143813,"{(2028, 'delGTGGTCAGGACAAGCCCTTGCTGTCTGCCTGGCCAAGCCCTGTGGTGCCTCCAGGATATGTGATTCTTCAGTGTCATTCTTATCTTGGGTTTAACAACTTCAGTCTGTAAAAGGAAGATGGGGTGCCTGTCCCTGAGCTCTACAACATAATATTCTGGAACAGCCTTTTCATGGGCCCTGTGACCCCAGCACACGCAGGGACCTATACATGTCGGGGTTCACAACCACACTACCCCAGTGGGTGGTCGGCACCCAGCAACCCCCTGGAGATCACGGTCACAG')}","{(2084, 'T>C')}"
HG00438,paternal,HG00438#1#h1tg000125l,KIR2DL3*0010112,"(959723, 974488)",20,0.0024271844660194164,set(),"{(3850, 'G>A')}",KIR2DL3*023,"(959724, 974488)",290,0.6844660194174756,"{(1973, 'delGTGGTCAGGACAAGCCCTTGCTGTCTGCCTGGCCCAGCCTTGTGGTGCCTCTAGGACATGTCATTCTTCGGTGTCACTCTTATCTTGGGTTTAACAACTTCAGTCTGTAAAAGGAAGGTGGGGTGCCTGTCCCTGAGCTCTACAACAGAATATTCTGGAACAGCCTTTTCATGGGCCCTGTGACCCCCGCACACACAGGGACATACAGATGTCGGGGTTCACACACACACTCCCCCAGTGGGTGGTCAGCACCCAGCAACCCCCTGGTGATCGTGGTCATAG')}",set(),KIR2DL3*023,"(960257, 974220)",290.0,0.6844660194174756,"{(1973, 'delGTGGTCAGGACAAGCCCTTGCTGTCTGCCTGGCCCAGCCTTGTGGTGCCTCTAGGACATGTCATTCTTCGGTGTCACTCTTATCTTGGGTTTAACAACTTCAGTCTGTAAAAGGAAGGTGGGGTGCCTGTCCCTGAGCTCTACAACAGAATATTCTGGAACAGCCTTTTCATGGGCCCTGTGACCCCCGCACACACAGGGACATACAGATGTCGGGGTTCACACACACACTCCCCCAGTGGGTGGTCAGCACCCAGCAACCCCCTGGTGATCGTGGTCATAG')}",set()
HG01952,paternal,HG01952#1#h1tg000170l,KIR2DS2*0010102,"(330258, 344836)",1,0.0030864197530864335,set(),"{(1149, 'T>G')}",KIR2DS2*002,"(330259, 344836)",289,0.8672839506172839,"{(1889, 'delGTGGTCAGGACAAGCCCTTGCTGTCTGCCTGGCCCAGCCTTGTGGTGCCTCTAGGACATGTCATTCTTCGGTGTCACTCTTATCTTGGGTTTAACAACTTCAGTCTGTACAAGGAAGGTGGGGTGCCTGTCCCTGAGCTCTACAACAGAATATTCTGGAACAGCCTTTTCATGGGCCCTGTGACCCCCGCACAACAGGGACATACAGATGTCGGGGTTCACACACACACTCCCCCAGTGGGTGGTCAGCACCCAGCAACCCCCTGGTGATCGTGGTCATAG')}",set(),KIR2DS2*002,"(330558, 344212)",289.0,0.8672839506172839,"{(1889, 'delGTGGTCAGGACAAGCCCTTGCTGTCTGCCTGGCCCAGCCTTGTGGTGCCTCTAGGACATGTCATTCTTCGGTGTCACTCTTATCTTGGGTTTAACAACTTCAGTCTGTACAAGGAAGGTGGGGTGCCTGTCCCTGAGCTCTACAACAGAATATTCTGGAACAGCCTTTTCATGGGCCCTGTGACCCCCGCACAACAGGGACATACAGATGTCGGGGTTCACACACACACTCCCCCAGTGGGTGGTCAGCACCCAGCAACCCCCTGGTGATCGTGGTCATAG')}",set()
HG002,maternal,HG002#2#h2tg000018l,KIR3DP1*004,"(955386, 961079)",39,0.000662690523525522,set(),"{(1973, 'A>G')}",KIR3DP1*0030101,"(955396, 960812)",1645,0.9774685222001326,"{(335, 'delGGGGATGGAGATCTGGGCCCAGAGGTGGAGATATAGGCCTGGAGGTGGAGTTATGGGCCTGGAGTGGAGATCTGGGCCTGGAGTGGATATATGGGCCTGGAGATGGAGTGATGGGCCTAGAAGTGGAGATCTGGGTCTGGAGTGGAGATATGGGCCTGGAGGTGGAGATATGGGCCTGGAGTGGAGATCTGGGCCTGGAGTGGAGATAGGAACCTGGAGGGGAGATATGAGCCTGGAGTGAAGATATTGGCCTGGGATGGAGATATGGGCCTGGAGTGGAGACATGGGCCTGGAGGTGGAGATATGGGCCTGGAGGTGGAGACATGGGCCTAGAGGTGGATATCTGGGCCTGGAGTGGACATATGGGCCTAGGATGGAGATATGGGCCTGGGTGTGGAGATATGGGCTTGGGGTGGAGATATGGGCCTGGATTGGAGATATGGGTCTAGGGTGGAAATATTGGCCTGGAGTGGAGATATGGGCCTGGAGTGGAGATATGGGCTTGGGGTGGGGATAGGGGCCTGGGGTGCGGATATGGGCCTGCAGGCTGGGTCTCTACACAGCCGACAGCCCTGTTCTTGGGTGCAGGCTGGCACTGAGGGTGAGTTTCCCTTCAGCCCAGCAAGGGCCTGGCTACCAAGACTCACAGCCCAGTGGGGGCAGCAAGGGAGTCCTGGTTTGCCTGCAGATGGATGGTCCATCATGATCTTTCTTTCCAGGGTTCTTCTTGCTGCAGGGGGCCTGGACACATGAGGGTGAGTCCTTCTCCAAACCTTCGGGTGTCATCTCCCCACATAAGAGGATTTTCCTGAAACAGGAGGGAAGCCCGGTGGGGGATTTTCTTATAAACAAGGATGAGGAGACCCTGGGGTGCTCAGCCCACAGTTCCGACCTTGCCCTCCCCAGCCTTCCTTTCCCTTGGCTGAGTCAGGTTCTGTGGGAACCCGGGAGGGTAGACTGGGGTCCTCCAAGCTGGGCTGTGCGGCTGGGATGTGGTGTCACTGGCAGAGGAAGGGAGCAAAGCAGTGCTAGGAACAGCAGGCCTCTGAGGACAAAGGTGTAACTCACACCCTCCAGCGTTTCCATGACGGTAGGGGCTGCAGTGTGGCTGCTGTCATTCTACCTCAGAGGTGGGGGAACCCCAGCCAGGGCCCTGACCTTCCAAATCCTCTGTTGGGGGCTCAGTTGTGTATTGTGGTTCACACATTGGCTGATATTCCATTCACAAAGAACATGCCCTCGACTCCATGTCTATTTGTGTTGTTTTATGTGAGTAATCTTGCAGGATTAAAATCTAGTAGGAGTCCCTTACTCAGCACTTGCTCAAAGTTCTCAGCTGACACTTTTGTTGTAGAGAGACGCCAAGTCTATGCGGGGTGGGTCCTTCCTGTAGCCCTGGGCACCCAGGTGTGGTAGGAGCCTTAGAAAGTGGAAATGGGAGAATCTTCTGACACGTGGAGGGAGGGGCGGCTC')}","{(282, 'G>A'), (1973, 'A>G')}",KIR3DP1*004,"(955395, 960812)",39.0,0.000662690523525522,set(),"{(1973, 'A>G')}"
HG002,maternal,HG002#2#h2tg000018l,KIR3DP1*004,"(1003632, 1009325)",39,0.000662690523525522,set(),"{(1973, 'A>G')}",KIR3DP1*0030101,"(1003642, 1009058)",1645,0.9774685222001326,"{(335, 'delGGGGATGGAGATCTGGGCCCAGAGGTGGAGATATAGGCCTGGAGGTGGAGTTATGGGCCTGGAGTGGAGATCTGGGCCTGGAGTGGATATATGGGCCTGGAGATGGAGTGATGGGCCTAGAAGTGGAGATCTGGGTCTGGAGTGGAGATATGGGCCTGGAGGTGGAGATATGGGCCTGGAGTGGAGATCTGGGCCTGGAGTGGAGATAGGAACCTGGAGGGGAGATATGAGCCTGGAGTGAAGATATTGGCCTGGGATGGAGATATGGGCCTGGAGTGGAGACATGGGCCTGGAGGTGGAGATATGGGCCTGGAGGTGGAGACATGGGCCTAGAGGTGGATATCTGGGCCTGGAGTGGACATATGGGCCTAGGATGGAGATATGGGCCTGGGTGTGGAGATATGGGCTTGGGGTGGAGATATGGGCCTGGATTGGAGATATGGGTCTAGGGTGGAAATATTGGCCTGGAGTGGAGATATGGGCCTGGAGTGGAGATATGGGCTTGGGGTGGGGATAGGGGCCTGGGGTGCGGATATGGGCCTGCAGGCTGGGTCTCTACACAGCCGACAGCCCTGTTCTTGGGTGCAGGCTGGCACTGAGGGTGAGTTTCCCTTCAGCCCAGCAAGGGCCTGGCTACCAAGACTCACAGCCCAGTGGGGGCAGCAAGGGAGTCCTGGTTTGCCTGCAGATGGATGGTCCATCATGATCTTTCTTTCCAGGGTTCTTCTTGCTGCAGGGGGCCTGGACACATGAGGGTGAGTCCTTCTCCAAACCTTCGGGTGTCATCTCCCCACATAAGAGGATTTTCCTGAAACAGGAGGGAAGCCCGGTGGGGGATTTTCTTATAAACAAGGATGAGGAGACCCTGGGGTGCTCAGCCCACAGTTCCGACCTTGCCCTCCCCAGCCTTCCTTTCCCTTGGCTGAGTCAGGTTCTGTGGGAACCCGGGAGGGTAGACTGGGGTCCTCCAAGCTGGGCTGTGCGGCTGGGATGTGGTGTCACTGGCAGAGGAAGGGAGCAAAGCAGTGCTAGGAACAGCAGGCCTCTGAGGACAAAGGTGTAACTCACACCCTCCAGCGTTTCCATGACGGTAGGGGCTGCAGTGTGGCTGCTGTCATTCTACCTCAGAGGTGGGGGAACCCCAGCCAGGGCCCTGACCTTCCAAATCCTCTGTTGGGGGCTCAGTTGTGTATTGTGGTTCACACATTGGCTGATATTCCATTCACAAAGAACATGCCCTCGACTCCATGTCTATTTGTGTTGTTTTATGTGAGTAATCTTGCAGGATTAAAATCTAGTAGGAGTCCCTTACTCAGCACTTGCTCAAAGTTCTCAGCTGACACTTTTGTTGTAGAGAGACGCCAAGTCTATGCGGGGTGGGTCCTTCCTGTAGCCCTGGGCACCCAGGTGTGGTAGGAGCCTTAGAAAGTGGAAATGGGAGAATCTTCTGACACGTGGAGGGAGGGGCGGCTC')}","{(282, 'G>A'), (1973, 'A>G')}",KIR3DP1*004,"(1003641, 1009058)",39.0,0.000662690523525522,set(),"{(1973, 'A>G')}"
HG002,maternal,HG002#2#h2tg000018l,KIR2DS2*00602,"(1089527, 1104124)",87,0.02777777777777779,set(),"{(13781, 'A>G'), (13809, 'C>G'), (13765, 'G>T'), (13788, 'A>G'), (13925, 'A>G'), (13240, 'A>C'), (13209, 'G>A'), (13764, 'T>A'), (13212, 'T>C')}",KIR2DS2*005,"(1089654, 1104124)",363,0.8672839506172839,"{(1889, 'delGTGGTCAGGACAAGCCCTTGCTGTCTGCCTGGCCCAGCCTTGTGGTGCCTCTAGGACATGTCATTCTTCGGTGTCACTCTTATCTTGGGTTTAACAACTTCAGTCTGTACAAGGAAGGTGGGGTGCCTGTCCCTGAGCTCTACAACAGAATATTCTGGAACAGCCTTTTCATGGGCCCTGTGACCCCCGCACAACAGGGACATACAGATGTCGGGGTTCACACACACACTCCCCCAGTGGGTGGTCAGCACCCAGCAACCCCCTGGTGATCGTGGTCATAG')}",set(),KIR2DS2*005,"(1090172, 1103824)",363.0,0.8672839506172839,"{(1889, 'delGTGGTCAGGACAAGCCCTTGCTGTCTGCCTGGCCCAGCCTTGTGGTGCCTCTAGGACATGTCATTCTTCGGTGTCACTCTTATCTTGGGTTTAACAACTTCAGTCTGTACAAGGAAGGTGGGGTGCCTGTCCCTGAGCTCTACAACAGAATATTCTGGAACAGCCTTTTCATGGGCCCTGTGACCCCCGCACAACAGGGACATACAGATGTCGGGGTTCACACACACACTCCCCCAGTGGGTGGTCAGCACCCAGCAACCCCCTGGTGATCGTGGTCATAG')}",set()
HG01243,paternal,HG01243#1#h1tg000134l,KIR2DS5*0020111,"(299108, 314354)",9,0.0027173913043477826,set(),"{(6305, 'G>C')}",KIR2DS5*009,"(299109, 314354)",325,0.8586956521739131,"{(2541, 'delGTGGTCAGGACAAGCCCTTGCTTTCTACCTGGCCCAGCCTTGTGGTGCCTCCAGAACATGTGACTCTTCGGTGTCACTCTAATCTTGGGTTTAACAACTTCAGTCTGTACAAGGATGATGGGGTGCCTGTCCCTGAGCTCTACAACAGAATATTCTGGAAAAGCCTTTTCATGGGCCCTGTGACCCCGTCACACACAGGGACCTATAGATGCCGGGGTTCACACACACACTCCCCCAGTGGGGGGTCGGCACCCAGCAACCCCCTGGTGATCGTGGTCACAG'), (268, 'delATGTCGCTCATGGTCATCAGCATGGCGTGTGTTG')}",set(),KIR2DS5*009,"(299753, 314086)",325.0,0.8586956521739131,"{(2541, 'delGTGGTCAGGACAAGCCCTTGCTTTCTACCTGGCCCAGCCTTGTGGTGCCTCCAGAACATGTGACTCTTCGGTGTCACTCTAATCTTGGGTTTAACAACTTCAGTCTGTACAAGGATGATGGGGTGCCTGTCCCTGAGCTCTACAACAGAATATTCTGGAAAAGCCTTTTCATGGGCCCTGTGACCCCGTCACACACAGGGACCTATAGATGCCGGGGTTCACACACACACTCCCCCAGTGGGGGGTCGGCACCCAGCAACCCCCTGGTGATCGTGGTCACAG'), (268, 'delATGTCGCTCATGGTCATCAGCATGGCGTGTGTTG')}",set()
HG02109,paternal,HG02109#1#h1tg000293l,KIR3DL3*055,"(314480, 326879)",106,0.005747126436781658,"{(1938, 'G>A')}",set(),KIR3DL3*005,"(314481, 326879)",799,0.02298850574712641,"{(262, 'insTCAT')}",set(),KIR3DL3*005,"(314742, 326342)",799.0,0.02298850574712641,"{(262, 'insTCAT')}",set()
HG01952,maternal,HG01952#2#h2tg000124l,KIR2DL3*0010108,"(960782, 975528)",5,0.0024271844660194164,set(),"{(5633, 'G>C')}",KIR2DL3*009,"(960783, 975528)",303,0.6844660194174756,"{(1973, 'delGTGGTCAGGACAAGCCCTTGCTGTCTGCCTGGCCCAGCCTTGTGGTGCCTCTAGGACATGTCATTCTTCGGTGTCACTCTTATCTTGGGTTTAACAACTTCAGTCTGTAAAAGGAAGGTGGGGTGCCTGTCCCTGAGCTCTACAACAGAATATTCTGGAACAGCCTTTTCATGGGCCCTGTGACCCCCGCACACACAGGGACATACAGATGTCGGGGTTCACACACACACTCCCCCAGTGGGTGGTCAGCACCCAGCAACCCCCTGGTGATCGTGGTCATAG')}",set(),KIR2DL3*009,"(961316, 975260)",303.0,0.6844660194174756,"{(1973, 'delGTGGTCAGGACAAGCCCTTGCTGTCTGCCTGGCCCAGCCTTGTGGTGCCTCTAGGACATGTCATTCTTCGGTGTCACTCTTATCTTGGGTTTAACAACTTCAGTCTGTAAAAGGAAGGTGGGGTGCCTGTCCCTGAGCTCTACAACAGAATATTCTGGAACAGCCTTTTCATGGGCCCTGTGACCCCCGCACACACAGGGACATACAGATGTCGGGGTTCACACACACACTCCCCCAGTGGGTGGTCAGCACCCAGCAACCCCCTGGTGATCGTGGTCATAG')}",set()
HG02145,maternal,HG02145#2#h2tg000134l,KIR2DP1*0010201,"(375815, 388943)",5,0.002702702702702675,set(),"{(3944, 'G>T'), (5806, 'T>A')}",KIR2DP1*015,"(375816, 388943)",286,0.3824324324324324,"{(2119, 'delGTGGTCAGGACAAGCCCTTGCTGTCTGCCTGGCCCAGCTCTGTGGTGCCTCCAGGACATGTGATTCTTCGGTGTCATTCTTATCTTGGGTTTAACAACTTCAGTCTGTAAAAGGAAGATGGGGTGCCTGGCACTGAGCTCTACAACAGAATATTCTGGAAGAGCCTTTTCATGGGCCCTGTGACCCCAGCACACACAGGGACGTACAGATGTCGGGGTTCACACCCACACTCCCCCAGTGGGTGGTCGGCACCCAGCAACCCCCTGGTGATCATGGCCACAG')}","{(3944, 'G>T')}",KIR2DP1*015,"(376082, 388433)",286.0,0.3824324324324324,"{(2119, 'delGTGGTCAGGACAAGCCCTTGCTGTCTGCCTGGCCCAGCTCTGTGGTGCCTCCAGGACATGTGATTCTTCGGTGTCATTCTTATCTTGGGTTTAACAACTTCAGTCTGTAAAAGGAAGATGGGGTGCCTGGCACTGAGCTCTACAACAGAATATTCTGGAAGAGCCTTTTCATGGGCCCTGTGACCCCAGCACACACAGGGACGTACAGATGTCGGGGTTCACACCCACACTCCCCCAGTGGGTGGTCGGCACCCAGCAACCCCCTGGTGATCATGGCCACAG')}","{(3944, 'G>T')}"
HG02630,paternal,HG02630#1#h1tg000256l,KIR3DP1*011,"(953019, 958712)",38,0.000662690523525522,set(),"{(282, 'G>A')}",KIR3DP1*0030201,"(953029, 958445)",1640,0.9781312127236581,"{(335, 'delGGGGATGGAGATCTGGGCCCAGAGGTGGAGATATAGGCCTGGAGGTGGAGTTATGGGCCTGGAGTGGAGATCTGGGCCTGGAGTGGATATATGGGCCTGGAGATGGAGTGATGGGCCTAGAAGTGGAGATCTGGGTCTGGAGTGGAGATATGGGCCTGGAGGTGGAGATATGGGCCTGGAGTGGAGATCTGGGCCTGGAGTGGAGATAGGAACCTGGAGGGGAGATATGAGCCTGGAGTGAAGATATTGGCCTGGGATGGAGATATGGGCCTGGAGTGGAGACATGGGCCTGGAGGTGGAGATATGGGCCTGGAGGTGGAGACATGGGCCTAGAGGTGGATATCTGGGCCTGGAGTGGACATATGGGCCTAGGATGGAGATATGGGCCTGGGTGTGGAGATATGGGCTTGGGGTGGAGATATGGGCCTGGATTGGAGATATGGGTCTAGGGTGGAAATATTGGCCTGGAGTGGAGATATGGGCCTGGAGTGGAGATATGGGCTTGGGGTGGGGATAGGGGCCTGGGGTGCGGATATGGGCCTGCAGGCTGGGTCTCTACACAGCCGACAGCCCTGTTCTTGGGTGCAGGCTGGCACTGAGGGTGAGTTTCCCTTCAGCCCAGCAAGGGCCTGGCTACCAAGACTCACAGCCCAGTGGGGGCAGCAAGGGAGTCCTGGTTTGCCTGCAGATGGATGGTCCATCATGATCTTTCTTTCCAGGGTTCTTCTTGCTGCAGGGGGCCTGGACACATGAGGGTGAGTCCTTCTCCAAACCTTCGGGTGTCATCTCCCCACATAAGAGGATTTTCCTGAAACAGGAGGGAAGCCCGGTGGGGGATTTTCTTATAAACAAGGATGAGGAGACCCTGGGGTGCTCAGCCCACAGTTCCGACCTTGCCCTCCCCAGCCTTCCTTTCCCTTGGCTGAGTCAGGTTCTGTGGGAACCCGGGAGGGTAGACTGGGGTCCTCCAAGCTGGGCTGTGCGGCTGGGATGTGGTGTCACTGGCAGAGGAAGGGAGCAAAGCAGTGCTAGGAACAGCAGGCCTCTGAGGACAAAGGTGTAACTCACACCCTCCAGCGTTTCCATGACGGTAGGGGCTGCAGTGTGGCTGCTGTCATTCTACCTCAGAGGTGGGGGAACCCCAGCCAGGGCCCTGACCTTCCAAATCCTCTGTTGGGGGCTCAGTTGTGTATTGTGGTTCACACATTGGCTGATATTCCATTCACAAAGAACATGCCCTCGACTCCATGTCTATTTGTGTTGTTTTATGTGAGTAATCTTGCAGGATTAAAATCTAGTAGGAGTCCCTTACTCAGCACTTGCTCAAAGTTCTCAGCTGACACTTTTGTTGTAGAGAGACGCCAAGTCTATGCGGGGTGGGTCCTTCCTGTAGCCCTGGGCACCCAGGTGTGGTAGGAGCCTTAGAAAGTGGAAATGGGAGAATCTTCTGACACGTGGAGGGAGGGGCGGCTC')}","{(5528, 'G>C'), (282, 'G>A'), (5550, 'T>C')}",KIR3DP1*011,"(953028, 958445)",38.0,0.000662690523525522,set(),"{(282, 'G>A')}"
HG02257,paternal,HG02257#1#h1tg000097l,KIR2DL2*0030103,"(991771, 1006560)",547,0.005747126436781658,set(),"{(3753, 'G>C'), (3799, 'T>C')}",KIR2DL2*00602,"(992244, 1006560)",368,0.8074712643678161,"{(2005, 'delGTGGTCAGGACAAGCCCTTGCTGTCTGCCTGGCCCAGCCTTGTGGTGCCTCTAGGACATGTCATTCTTCGGTGTCACTCTTATCTTGGGTTTAACAACTTCAGTCTGTACAAGGAAGGTGGGGTGCCTGTCCCTGAGCTCTACAACAGAATATTCTGGAACAGCCTTTTCATGGGCCCTGTGACCCCCGCACAACAGGGACATACAGATGTCGGGGTTCACACACACACTCCCCCAGTGGGTGGTCAGCACCCAGCAACCCCCTGGTGATCGTGGTCATAG')}",set(),KIR2DL2*00602,"(992281, 1006260)",368.0,0.8074712643678161,"{(2005, 'delGTGGTCAGGACAAGCCCTTGCTGTCTGCCTGGCCCAGCCTTGTGGTGCCTCTAGGACATGTCATTCTTCGGTGTCACTCTTATCTTGGGTTTAACAACTTCAGTCTGTACAAGGAAGGTGGGGTGCCTGTCCCTGAGCTCTACAACAGAATATTCTGGAACAGCCTTTTCATGGGCCCTGTGACCCCCGCACAACAGGGACATACAGATGTCGGGGTTCACACACACACTCCCCCAGTGGGTGGTCAGCACCCAGCAACCCCCTGGTGATCGTGGTCATAG')}",set()
HG02572,paternal,HG02572#1#h1tg000241l,KIR3DL3*055,"(3032842, 3045245)",112,0.005747126436781658,"{(1938, 'G>A')}",set(),KIR3DL3*005,"(3032843, 3045245)",799,0.02298850574712641,"{(262, 'insTCAT')}",set(),KIR3DL3*005,"(3033104, 3044708)",799.0,0.02298850574712641,"{(262, 'insTCAT')}",set()
HG02559,paternal,HG02559#1#h1tg000087l,KIR2DL3*0010107,"(958508, 973262)",6,0.0024271844660194164,set(),"{(5531, 'C>T')}",KIR2DL3*011,"(958509, 973262)",298,0.6844660194174756,"{(1973, 'delGTGGTCAGGACAAGCCCTTGCTGTCTGCCTGGCCCAGCCTTGTGGTGCCTCTAGGACATGTCATTCTTCGGTGTCACTCTTATCTTGGGTTTAACAACTTCAGTCTGTAAAAGGAAGGTGGGGTGCCTGTCCCTGAGCTCTACAACAGAATATTCTGGAACAGCCTTTTCATGGGCCCTGTGACCCCCGCACACACAGGGACATACAGATGTCGGGGTTCACACACACACTCCCCCAGTGGGTGGTCAGCACCCAGCAACCCCCTGGTGATCGTGGTCATAG')}",set(),KIR2DL3*011,"(959042, 972994)",298.0,0.6844660194174756,"{(1973, 'delGTGGTCAGGACAAGCCCTTGCTGTCTGCCTGGCCCAGCCTTGTGGTGCCTCTAGGACATGTCATTCTTCGGTGTCACTCTTATCTTGGGTTTAACAACTTCAGTCTGTAAAAGGAAGGTGGGGTGCCTGTCCCTGAGCTCTACAACAGAATATTCTGGAACAGCCTTTTCATGGGCCCTGTGACCCCCGCACACACAGGGACATACAGATGTCGGGGTTCACACACACACTCCCCCAGTGGGTGGTCAGCACCCAGCAACCCCCTGGTGATCGTGGTCATAG')}",set()
HG01891,maternal,HG01891#2#h2tg000087l,KIR2DS5*0070101,"(374060, 389306)",17,0.008152173913043459,"{(9571, 'G>A')}","{(6146, 'G>A'), (6147, 'C>T')}",KIR2DS5*003,"(374061, 389306)",337,0.7744565217391304,"{(2541, 'delGTGGTCAGGACAAGCCCTTGCTTTCTACCTGGCCCAGCCTTGTGGTGCCTCCAGAACATGTGACTCTTCGGTGTCACTCTAATCTTGGGTTTAACAACTTCAGTCTGTACAAGGATGATGGGGTGCCTGTCCCTGAGCTCTACAACAGAATATTCTGGAAAAGCCTTTTCATGGGCCCTGTGACCCCGTCACACACAGGGACCTATAGATGCCGGGGTTCACACACACACTCCCCCAGTGGGGGGTCGGCACCCAGCAACCCCCTGGTGATCGTGGTCACAG'), (4526, 'G>T')}","{(14575, 'G>A'), (273, 'G>A')}",KIR2DS5*003,"(374344, 388661)",337.0,0.7744565217391304,"{(2541, 'delGTGGTCAGGACAAGCCCTTGCTTTCTACCTGGCCCAGCCTTGTGGTGCCTCCAGAACATGTGACTCTTCGGTGTCACTCTAATCTTGGGTTTAACAACTTCAGTCTGTACAAGGATGATGGGGTGCCTGTCCCTGAGCTCTACAACAGAATATTCTGGAAAAGCCTTTTCATGGGCCCTGTGACCCCGTCACACACAGGGACCTATAGATGCCGGGGTTCACACACACACTCCCCCAGTGGGGGGTCGGCACCCAGCAACCCCCTGGTGATCGTGGTCACAG'), (4526, 'G>T')}","{(14575, 'G>A'), (273, 'G>A')}"
HG01891,maternal,HG01891#2#h2tg000087l,KIR2DL4*017,"(439643, 450779)",70,0.016260162601625994,"{(9837, 'C>T'), (9877, 'delA')}",set(),KIR2DL4*00201,"(439644, 450779)",70,0.016260162601625994,"{(9837, 'C>T')}","{(1498, 'G>A')}",KIR2DL4*00201,"(439910, 450372)",70.0,0.016260162601625994,"{(9837, 'C>T')}","{(1498, 'G>A')}"
HG02055,maternal,HG02055#2#h2tg000213l,KIR2DL1*00303,"(356481, 371228)",87,0.007425742574257432,"{(13433, 'A>G')}","{(13416, 'C>T'), (5757, 'T>C')}",KIR2DL1*00601,"(356487, 371228)",370,0.698019801980198,"{(2029, 'delGTGGTCAGGACAAGCCCTTGCTGTCTGCCTGGCCAAGCCCTGTGGTGCCTCCAGGACATGTGATTCTTCAGTGTCATTCTTATCTTGGGTTTAACAACTTCAGTCTGTAAAAGGAAGATGGGGTGCCTGTCCCTGAGCTCTACAACATAATATTCTGGAACAGCCTTTTCATGGGCCCTGTGACCCCAGCACACGCAGGGACCTATACATGTCGGGGTTCACAACCACACTACCCCAGTGGGTGGTCGGCACCCAGCAACCCCCTGGAGATCACGGTCACAG')}",set(),KIR2DL1*00601,"(356749, 370718)",370.0,0.698019801980198,"{(2029, 'delGTGGTCAGGACAAGCCCTTGCTGTCTGCCTGGCCAAGCCCTGTGGTGCCTCCAGGACATGTGATTCTTCAGTGTCATTCTTATCTTGGGTTTAACAACTTCAGTCTGTAAAAGGAAGATGGGGTGCCTGTCCCTGAGCTCTACAACATAATATTCTGGAACAGCCTTTTCATGGGCCCTGTGACCCCAGCACACGCAGGGACCTATACATGTCGGGGTTCACAACCACACTACCCCAGTGGGTGGTCGGCACCCAGCAACCCCCTGGAGATCACGGTCACAG')}",set()
HG02055,maternal,HG02055#2#h2tg000213l,KIR2DP1*010,"(341650, 354777)",37,0.0027063599458727605,"{(9181, 'G>A')}","{(288, 'A>G')}",KIR2DP1*006,"(341651, 354777)",41,0.0027063599458727605,set(),"{(288, 'A>G'), (5685, 'A>G')}",KIR2DP1*006,"(341917, 354267)",41.0,0.0027063599458727605,set(),"{(288, 'A>G'), (5685, 'A>G')}"
HG02723,paternal,HG02723#1#h1tg000160l,KIR2DP1*0020106,"(7567419, 7580436)",606,0.03403141361256545,"{(4023, 'C>T')}","{(4108, 'insT'), (2395, 'C>T'), (2250, 'A>C'), (2279, 'G>C'), (2391, 'A>G'), (2180, 'G>C'), (2170, 'C>T'), (5923, 'C>A'), (277, 'C>T'), (3984, 'C>G'), (2195, 'T>C'), (2366, 'G>A'), (4057, 'G>C'), (4001, 'C>T'), (2248, 'G>T'), (2398, 'C>T'), (292, 'C>T'), (2157, 'T>C'), (2306, 'A>C'), (2158, 'C>T'), (2236, 'A>G'), (2321, 'G>A'), (2343, 'C>A'), (5854, 'T>C'), (4065, 'G>T')}",KIR2DP1*0020101,"(7568452, 7579926)",610,0.03403141361256545,"{(4023, 'C>T')}","{(4108, 'insT'), (2395, 'C>T'), (2250, 'A>C'), (2279, 'G>C'), (2391, 'A>G'), (2180, 'G>C'), (2170, 'C>T'), (5923, 'C>A'), (277, 'C>T'), (3984, 'C>G'), (2195, 'T>C'), (2366, 'G>A'), (4057, 'G>C'), (4001, 'C>T'), (2248, 'G>T'), (2398, 'C>T'), (292, 'C>T'), (2157, 'T>C'), (2306, 'A>C'), (2158, 'C>T'), (2236, 'A>G'), (2321, 'G>A'), (2343, 'C>A'), (5854, 'T>C'), (4065, 'G>T')}",KIR2DL3*00101_e1245-2DP1*00201_e6789,"(7567681, 7579926)",,,,
HG02109,maternal,HG02109#2#h2tg000276l,KIR3DL2*01001,"(706859, 723871)",34,0.005235602094240788,set(),"{(1819, 'C>T')}",KIR3DL2*024,"(706860, 723863)",136,0.3717277486910995,"{(268, 'delATGTCGCTCACGGTCGTCAGCATGGCGTGCGTTG'), (1012, 'delGGTTCTTCTTGCTGCAGGGGGCCTGGCCACTCATGG')}","{(279, 'G>T')}",KIR3DL2*024,"(707127, 723386)",136.0,0.3717277486910995,"{(268, 'delATGTCGCTCACGGTCGTCAGCATGGCGTGCGTTG'), (1012, 'delGGTTCTTCTTGCTGCAGGGGGCCTGGCCACTCATGG')}","{(279, 'G>T')}"
HG02109,maternal,HG02109#2#h2tg000276l,KIR2DL1*0030204,"(627058, 641801)",6,0.0024752475247524774,set(),"{(14068, 'C>A')}",KIR2DL1*015,"(627059, 641801)",314,0.698019801980198,"{(2029, 'delGTGGTCAGGACAAGCCCTTGCTGTCTGCCTGGCCAAGCCCTGTGGTGCCTCCAGGACATGTGATTCTTCAGTGTCATTCTTATCTTGGGTTTAACAACTTCAGTCTGTAAAAGGAAGATGGGGTGCCTGTCCCTGAGCTCTACAACATAATATTCTGGAACAGCCTTTTCATGGGCCCTGTGACCCCAGCACACGCAGGGACCTATACATGTCGGGGTTCACAACCACACTACCCCAGTGGGTGGTCGGCACCCAGCAACCCCCTGGAGATCACGGTCACAG')}",set(),KIR2DL1*015,"(627336, 641291)",314.0,0.698019801980198,"{(2029, 'delGTGGTCAGGACAAGCCCTTGCTGTCTGCCTGGCCAAGCCCTGTGGTGCCTCCAGGACATGTGATTCTTCAGTGTCATTCTTATCTTGGGTTTAACAACTTCAGTCTGTAAAAGGAAGATGGGGTGCCTGTCCCTGAGCTCTACAACATAATATTCTGGAACAGCCTTTTCATGGGCCCTGTGACCCCAGCACACGCAGGGACCTATACATGTCGGGGTTCACAACCACACTACCCCAGTGGGTGGTCGGCACCCAGCAACCCCCTGGAGATCACGGTCACAG')}",set()
HG02572,maternal,HG02572#2#h2tg000319l,KIR3DP1*0150101,"(291005, 294924)",322,0.0,set(),set(),KIR3DP1*0030401,"(291006, 295245)",326,0.000662690523525522,set(),"{(3706, 'A>C')}",KIR3DP1*0030401,"(291014, 294978)",326.0,0.000662690523525522,set(),"{(3706, 'A>C')}"
HG02572,maternal,HG02572#2#h2tg000319l,KIR2DL3*0010112,"(328278, 343034)",11,0.0024271844660194164,set(),"{(5582, 'G>A')}",KIR2DL3*013,"(328279, 343034)",295,0.6844660194174756,"{(1973, 'delGTGGTCAGGACAAGCCCTTGCTGTCTGCCTGGCCCAGCCTTGTGGTGCCTCTAGGACATGTCATTCTTCGGTGTCACTCTTATCTTGGGTTTAACAACTTCAGTCTGTAAAAGGAAGGTGGGGTGCCTGTCCCTGAGCTCTACAACAGAATATTCTGGAACAGCCTTTTCATGGGCCCTGTGACCCCCGCACACACAGGGACATACAGATGTCGGGGTTCACACACACACTCCCCCAGTGGGTGGTCAGCACCCAGCAACCCCCTGGTGATCGTGGTCATAG')}",set(),KIR2DL3*013,"(328812, 342766)",295.0,0.6844660194174756,"{(1973, 'delGTGGTCAGGACAAGCCCTTGCTGTCTGCCTGGCCCAGCCTTGTGGTGCCTCTAGGACATGTCATTCTTCGGTGTCACTCTTATCTTGGGTTTAACAACTTCAGTCTGTAAAAGGAAGGTGGGGTGCCTGTCCCTGAGCTCTACAACAGAATATTCTGGAACAGCCTTTTCATGGGCCCTGTGACCCCCGCACACACAGGGACATACAGATGTCGGGGTTCACACACACACTCCCCCAGTGGGTGGTCAGCACCCAGCAACCCCCTGGTGATCGTGGTCATAG')}",set()
HG02572,maternal,HG02572#2#h2tg000319l,KIR2DP1*0030102,"(313452, 326576)",13,0.004048582995951455,"{(288, 'A>G')}","{(2379, 'C>A'), (2350, 'C>A')}",KIR2DP1*0020101,"(313453, 326576)",35,0.004048582995951455,"{(3949, 'G>C')}","{(2379, 'C>A'), (2350, 'C>A')}",KIR2DP1*0020101,"(313962, 326309)",35.0,0.004048582995951455,"{(3949, 'G>C')}","{(2379, 'C>A'), (2350, 'C>A')}"
HG03098,maternal,HG03098#2#h2tg000046l,KIR3DL3*055,"(979104, 991464)",58,0.005747126436781658,"{(1938, 'G>A')}",set(),KIR3DL3*005,"(979105, 991464)",766,0.02298850574712641,"{(262, 'insTCAT')}",set(),KIR3DL3*005,"(979641, 991202)",766.0,0.02298850574712641,"{(262, 'insTCAT')}",set()
HG03453,maternal,HG03453#2#h2tg000042l,KIR2DL2*0030103,"(30829224, 30844016)",545,0.005747126436781658,set(),"{(3753, 'G>C'), (3799, 'T>C')}",KIR2DL2*00602,"(30829225, 30844016)",366,0.8074712643678161,"{(2005, 'delGTGGTCAGGACAAGCCCTTGCTGTCTGCCTGGCCCAGCCTTGTGGTGCCTCTAGGACATGTCATTCTTCGGTGTCACTCTTATCTTGGGTTTAACAACTTCAGTCTGTACAAGGAAGGTGGGGTGCCTGTCCCTGAGCTCTACAACAGAATATTCTGGAACAGCCTTTTCATGGGCCCTGTGACCCCCGCACAACAGGGACATACAGATGTCGGGGTTCACACACACACTCCCCCAGTGGGTGGTCAGCACCCAGCAACCCCCTGGTGATCGTGGTCATAG')}",set(),KIR2DL2*00602,"(30829524, 30843506)",366.0,0.8074712643678161,"{(2005, 'delGTGGTCAGGACAAGCCCTTGCTGTCTGCCTGGCCCAGCCTTGTGGTGCCTCTAGGACATGTCATTCTTCGGTGTCACTCTTATCTTGGGTTTAACAACTTCAGTCTGTACAAGGAAGGTGGGGTGCCTGTCCCTGAGCTCTACAACAGAATATTCTGGAACAGCCTTTTCATGGGCCCTGTGACCCCCGCACAACAGGGACATACAGATGTCGGGGTTCACACACACACTCCCCCAGTGGGTGGTCAGCACCCAGCAACCCCCTGGTGATCGTGGTCATAG')}",set()
HG03098,paternal,HG03098#1#h1tg000188l,KIR2DS5*0020111,"(882817, 898063)",9,0.0027173913043477826,set(),"{(6305, 'G>C')}",KIR2DS5*009,"(882818, 898063)",325,0.8586956521739131,"{(2541, 'delGTGGTCAGGACAAGCCCTTGCTTTCTACCTGGCCCAGCCTTGTGGTGCCTCCAGAACATGTGACTCTTCGGTGTCACTCTAATCTTGGGTTTAACAACTTCAGTCTGTACAAGGATGATGGGGTGCCTGTCCCTGAGCTCTACAACAGAATATTCTGGAAAAGCCTTTTCATGGGCCCTGTGACCCCGTCACACACAGGGACCTATAGATGCCGGGGTTCACACACACACTCCCCCAGTGGGGGGTCGGCACCCAGCAACCCCCTGGTGATCGTGGTCACAG'), (268, 'delATGTCGCTCATGGTCATCAGCATGGCGTGTGTTG')}",set(),KIR2DS5*009,"(883462, 897795)",325.0,0.8586956521739131,"{(2541, 'delGTGGTCAGGACAAGCCCTTGCTTTCTACCTGGCCCAGCCTTGTGGTGCCTCCAGAACATGTGACTCTTCGGTGTCACTCTAATCTTGGGTTTAACAACTTCAGTCTGTACAAGGATGATGGGGTGCCTGTCCCTGAGCTCTACAACAGAATATTCTGGAAAAGCCTTTTCATGGGCCCTGTGACCCCGTCACACACAGGGACCTATAGATGCCGGGGTTCACACACACACTCCCCCAGTGGGGGGTCGGCACCCAGCAACCCCCTGGTGATCGTGGTCACAG'), (268, 'delATGTCGCTCATGGTCATCAGCATGGCGTGTGTTG')}",set()
HG02818,maternal,HG02818#2#h2tg000206l,KIR2DL1*00303,"(359512, 374259)",87,0.007425742574257432,"{(13433, 'A>G')}","{(13416, 'C>T'), (5757, 'T>C')}",KIR2DL1*00601,"(359518, 374259)",370,0.698019801980198,"{(2029, 'delGTGGTCAGGACAAGCCCTTGCTGTCTGCCTGGCCAAGCCCTGTGGTGCCTCCAGGACATGTGATTCTTCAGTGTCATTCTTATCTTGGGTTTAACAACTTCAGTCTGTAAAAGGAAGATGGGGTGCCTGTCCCTGAGCTCTACAACATAATATTCTGGAACAGCCTTTTCATGGGCCCTGTGACCCCAGCACACGCAGGGACCTATACATGTCGGGGTTCACAACCACACTACCCCAGTGGGTGGTCGGCACCCAGCAACCCCCTGGAGATCACGGTCACAG')}",set(),KIR2DL1*00601,"(359780, 373749)",370.0,0.698019801980198,"{(2029, 'delGTGGTCAGGACAAGCCCTTGCTGTCTGCCTGGCCAAGCCCTGTGGTGCCTCCAGGACATGTGATTCTTCAGTGTCATTCTTATCTTGGGTTTAACAACTTCAGTCTGTAAAAGGAAGATGGGGTGCCTGTCCCTGAGCTCTACAACATAATATTCTGGAACAGCCTTTTCATGGGCCCTGTGACCCCAGCACACGCAGGGACCTATACATGTCGGGGTTCACAACCACACTACCCCAGTGGGTGGTCGGCACCCAGCAACCCCCTGGAGATCACGGTCACAG')}",set()
HG02818,maternal,HG02818#2#h2tg000206l,KIR2DP1*010,"(344681, 357808)",38,0.0027063599458727605,"{(9181, 'G>A')}","{(288, 'A>G')}",KIR2DP1*006,"(344682, 357808)",42,0.0027063599458727605,set(),"{(288, 'A>G'), (5685, 'A>G')}",KIR2DP1*006,"(344948, 357298)",42.0,0.0027063599458727605,set(),"{(288, 'A>G'), (5685, 'A>G')}"
HG01109,maternal,HG01109#2#h2tg000238l,KIR2DL1*00303,"(928282, 943029)",87,0.007425742574257432,"{(13433, 'A>G')}","{(13416, 'C>T'), (5757, 'T>C')}",KIR2DL1*00601,"(928283, 943024)",370,0.698019801980198,"{(2029, 'delGTGGTCAGGACAAGCCCTTGCTGTCTGCCTGGCCAAGCCCTGTGGTGCCTCCAGGACATGTGATTCTTCAGTGTCATTCTTATCTTGGGTTTAACAACTTCAGTCTGTAAAAGGAAGATGGGGTGCCTGTCCCTGAGCTCTACAACATAATATTCTGGAACAGCCTTTTCATGGGCCCTGTGACCCCAGCACACGCAGGGACCTATACATGTCGGGGTTCACAACCACACTACCCCAGTGGGTGGTCGGCACCCAGCAACCCCCTGGAGATCACGGTCACAG')}",set(),KIR2DL1*00601,"(928792, 942761)",370.0,0.698019801980198,"{(2029, 'delGTGGTCAGGACAAGCCCTTGCTGTCTGCCTGGCCAAGCCCTGTGGTGCCTCCAGGACATGTGATTCTTCAGTGTCATTCTTATCTTGGGTTTAACAACTTCAGTCTGTAAAAGGAAGATGGGGTGCCTGTCCCTGAGCTCTACAACATAATATTCTGGAACAGCCTTTTCATGGGCCCTGTGACCCCAGCACACGCAGGGACCTATACATGTCGGGGTTCACAACCACACTACCCCAGTGGGTGGTCGGCACCCAGCAACCCCCTGGAGATCACGGTCACAG')}",set()
HG01109,maternal,HG01109#2#h2tg000238l,KIR2DS4*0030101,"(864075, 880104)",777,0.010869565217391353,set(),"{(3531, 'G>A'), (7156, 'C>T'), (6958, 'C>A'), (7116, 'C>T')}",KIR2DS4*009,"(864076, 880104)",576,0.7690217391304348,"{(3344, 'delGTGGTCAGGACAAGCCCTTGCTTTCTACCTGGCCCAGCCTTGTGGTGCCTCCAGAACATGTGACTCTTCAGTGTCACTCTAATCTTGGGTTTAACAACTTCAGTCTGTACAAGGATGATGGGGTGCCTGTCCCTGAGCTGTACAACAGAATATTCTGGAAAAGCCTTTTCATGGGCCCTGTGACCCCGTCACATGCAGGGACCTATAGATGCCGGGGTTCACACACACACTCCCCCAGTGGGTGGTCGGCACCCAGCAACCCCCTGGTGATCATGGTCACAG')}","{(3531, 'G>A')}",KIR2DS4*0030101,"(864699, 879837)",777.0,0.010869565217391353,set(),"{(3531, 'G>A'), (7156, 'C>T'), (6958, 'C>A'), (7116, 'C>T')}"
HG01109,maternal,HG01109#2#h2tg000238l,KIR2DP1*010,"(944733, 957860)",37,0.0027063599458727605,"{(9181, 'G>A')}","{(288, 'A>G')}",KIR2DP1*006,"(944734, 957860)",41,0.0027063599458727605,set(),"{(288, 'A>G'), (5685, 'A>G')}",KIR2DP1*006,"(945243, 957593)",41.0,0.0027063599458727605,set(),"{(288, 'A>G'), (5685, 'A>G')}"
HG03453,paternal,HG03453#1#h1tg000118l,KIR2DL3*0010107,"(965147, 979904)",4,0.0024271844660194164,set(),"{(5531, 'C>T')}",KIR2DL3*011,"(965148, 979904)",293,0.6844660194174756,"{(1973, 'delGTGGTCAGGACAAGCCCTTGCTGTCTGCCTGGCCCAGCCTTGTGGTGCCTCTAGGACATGTCATTCTTCGGTGTCACTCTTATCTTGGGTTTAACAACTTCAGTCTGTAAAAGGAAGGTGGGGTGCCTGTCCCTGAGCTCTACAACAGAATATTCTGGAACAGCCTTTTCATGGGCCCTGTGACCCCCGCACACACAGGGACATACAGATGTCGGGGTTCACACACACACTCCCCCAGTGGGTGGTCAGCACCCAGCAACCCCCTGGTGATCGTGGTCATAG')}",set(),KIR2DL3*011,"(965681, 979636)",293.0,0.6844660194174756,"{(1973, 'delGTGGTCAGGACAAGCCCTTGCTGTCTGCCTGGCCCAGCCTTGTGGTGCCTCTAGGACATGTCATTCTTCGGTGTCACTCTTATCTTGGGTTTAACAACTTCAGTCTGTAAAAGGAAGGTGGGGTGCCTGTCCCTGAGCTCTACAACAGAATATTCTGGAACAGCCTTTTCATGGGCCCTGTGACCCCCGCACACACAGGGACATACAGATGTCGGGGTTCACACACACACTCCCCCAGTGGGTGGTCAGCACCCAGCAACCCCCTGGTGATCGTGGTCATAG')}",set()
HG03486,maternal,HG03486#2#h2tg000016l,KIR3DL2*01001,"(848977, 865989)",34,0.005235602094240788,set(),"{(1819, 'C>T')}",KIR3DL2*024,"(848986, 865989)",136,0.3717277486910995,"{(268, 'delATGTCGCTCACGGTCGTCAGCATGGCGTGCGTTG'), (1012, 'delGGTTCTTCTTGCTGCAGGGGGCCTGGCCACTCATGG')}","{(279, 'G>T')}",KIR3DL2*024,"(849462, 864977)",136.0,0.3717277486910995,"{(268, 'delATGTCGCTCACGGTCGTCAGCATGGCGTGCGTTG'), (1012, 'delGGTTCTTCTTGCTGCAGGGGGCCTGGCCACTCATGG')}","{(279, 'G>T')}"
HG03492,maternal,HG03492#2#h2tg000300l,KIR3DL3*0020202,"(980681, 993086)",9,0.005747126436781658,set(),"{(3436, 'G>A')}",KIR3DL3*030,"(980682, 993086)",142,0.1954022988505747,"{(262, 'delATGTCGCTCATGGTCGTCAGCATGGCGTGTGTTG')}",set(),KIR3DL3*030,"(981218, 992824)",142.0,0.1954022988505747,"{(262, 'delATGTCGCTCATGGTCGTCAGCATGGCGTGTGTTG')}",set()
HG03516,paternal,HG03516#1#h1tg000024l,KIR3DL3*055,"(4603926, 4616325)",106,0.005747126436781658,"{(1938, 'G>A')}",set(),KIR3DL3*005,"(4603927, 4616325)",799,0.02298850574712641,"{(262, 'insTCAT')}",set(),KIR3DL3*005,"(4604188, 4615788)",799.0,0.02298850574712641,"{(262, 'insTCAT')}",set()
HG02886,maternal,HG02886#2#h2tg000133l,KIR3DP1*0150101,"(6842576, 6846495)",322,0.0,set(),set(),KIR3DP1*0030401,"(6842256, 6846495)",326,0.000662690523525522,set(),"{(3706, 'A>C')}",KIR3DP1*0030401,"(6842522, 6846486)",326.0,0.000662690523525522,set(),"{(3706, 'A>C')}"
HG02886,maternal,HG02886#2#h2tg000133l,KIR2DL3*0010112,"(6794462, 6809222)",15,0.0024271844660194164,set(),"{(5582, 'G>A')}",KIR2DL3*013,"(6794463, 6809222)",291,0.6844660194174756,"{(1973, 'delGTGGTCAGGACAAGCCCTTGCTGTCTGCCTGGCCCAGCCTTGTGGTGCCTCTAGGACATGTCATTCTTCGGTGTCACTCTTATCTTGGGTTTAACAACTTCAGTCTGTAAAAGGAAGGTGGGGTGCCTGTCCCTGAGCTCTACAACAGAATATTCTGGAACAGCCTTTTCATGGGCCCTGTGACCCCCGCACACACAGGGACATACAGATGTCGGGGTTCACACACACACTCCCCCAGTGGGTGGTCAGCACCCAGCAACCCCCTGGTGATCGTGGTCATAG')}",set(),KIR2DL3*013,"(6794730, 6808688)",291.0,0.6844660194174756,"{(1973, 'delGTGGTCAGGACAAGCCCTTGCTGTCTGCCTGGCCCAGCCTTGTGGTGCCTCTAGGACATGTCATTCTTCGGTGTCACTCTTATCTTGGGTTTAACAACTTCAGTCTGTAAAAGGAAGGTGGGGTGCCTGTCCCTGAGCTCTACAACAGAATATTCTGGAACAGCCTTTTCATGGGCCCTGTGACCCCCGCACACACAGGGACATACAGATGTCGGGGTTCACACACACACTCCCCCAGTGGGTGGTCAGCACCCAGCAACCCCCTGGTGATCGTGGTCATAG')}",set()
HG02886,maternal,HG02886#2#h2tg000133l,KIR2DP1*0030102,"(6810924, 6824048)",14,0.004048582995951455,"{(288, 'A>G')}","{(2379, 'C>A'), (2350, 'C>A')}",KIR2DP1*0020101,"(6810925, 6824048)",34,0.004048582995951455,"{(3949, 'G>C')}","{(2379, 'C>A'), (2350, 'C>A')}",KIR2DP1*0020101,"(6811191, 6823538)",34.0,0.004048582995951455,"{(3949, 'G>C')}","{(2379, 'C>A'), (2350, 'C>A')}"
HG02886,paternal,HG02886#1#h1tg000217l,KIR2DL1*00303,"(958260, 973007)",87,0.007425742574257432,"{(13433, 'A>G')}","{(13416, 'C>T'), (5757, 'T>C')}",KIR2DL1*00601,"(958261, 973002)",370,0.698019801980198,"{(2029, 'delGTGGTCAGGACAAGCCCTTGCTGTCTGCCTGGCCAAGCCCTGTGGTGCCTCCAGGACATGTGATTCTTCAGTGTCATTCTTATCTTGGGTTTAACAACTTCAGTCTGTAAAAGGAAGATGGGGTGCCTGTCCCTGAGCTCTACAACATAATATTCTGGAACAGCCTTTTCATGGGCCCTGTGACCCCAGCACACGCAGGGACCTATACATGTCGGGGTTCACAACCACACTACCCCAGTGGGTGGTCGGCACCCAGCAACCCCCTGGAGATCACGGTCACAG')}",set(),KIR2DL1*00601,"(958770, 972739)",370.0,0.698019801980198,"{(2029, 'delGTGGTCAGGACAAGCCCTTGCTGTCTGCCTGGCCAAGCCCTGTGGTGCCTCCAGGACATGTGATTCTTCAGTGTCATTCTTATCTTGGGTTTAACAACTTCAGTCTGTAAAAGGAAGATGGGGTGCCTGTCCCTGAGCTCTACAACATAATATTCTGGAACAGCCTTTTCATGGGCCCTGTGACCCCAGCACACGCAGGGACCTATACATGTCGGGGTTCACAACCACACTACCCCAGTGGGTGGTCGGCACCCAGCAACCCCCTGGAGATCACGGTCACAG')}",set()
HG02886,paternal,HG02886#1#h1tg000217l,KIR2DP1*010,"(974711, 987838)",37,0.0027063599458727605,"{(9181, 'G>A')}","{(288, 'A>G')}",KIR2DP1*006,"(974712, 987838)",41,0.0027063599458727605,set(),"{(288, 'A>G'), (5685, 'A>G')}",KIR2DP1*006,"(975221, 987571)",41.0,0.0027063599458727605,set(),"{(288, 'A>G'), (5685, 'A>G')}"
HG03540,paternal,HG03540#1#h1tg000043l,KIR3DL3*055,"(32119095, 32131493)",107,0.005747126436781658,"{(1938, 'G>A')}",set(),KIR3DL3*005,"(32119096, 32131493)",794,0.02298850574712641,"{(262, 'insTCAT')}",set(),KIR3DL3*005,"(32119357, 32130956)",794.0,0.02298850574712641,"{(262, 'insTCAT')}",set()
HG02622,paternal,HG02622#1#h1tg000056l,KIR3DP1*0090102,"(919520, 925213)",32,0.001325381047051044,set(),"{(282, 'G>A'), (5550, 'T>C')}",KIR3DP1*0100101,"(919530, 924946)",1638,0.9781312127236581,"{(5528, 'G>C'), (335, 'delGGGGATGGAGATCTGGGCCCAGAGGTGGAGATATAGGCCTGGAGGTGGAGTTATGGGCCTGGAGTGGAGATCTGGGCCTGGAGTGGATATATGGGCCTGGAGATGGAGTGATGGGCCTAGAAGTGGAGATCTGGGTCTGGAGTGGAGATATGGGCCTGGAGGTGGAGATATGGGCCTGGAGTGGAGATCTGGGCCTGGAGTGGAGATAGGAACCTGGAGGGGAGATATGAGCCTGGAGTGAAGATATTGGCCTGGGATGGAGATATGGGCCTGGAGTGGAGACATGGGCCTGGAGGTGGAGATATGGGCCTGGAGGTGGAGACATGGGCCTAGAGGTGGATATCTGGGCCTGGAGTGGACATATGGGCCTAGGATGGAGATATGGGCCTGGGTGTGGAGATATGGGCTTGGGGTGGAGATATGGGCCTGGATTGGAGATATGGGTCTAGGGTGGAAATATTGGCCTGGAGTGGAGATATGGGCCTGGAGTGGAGATATGGGCTTGGGGTGGGGATAGGGGCCTGGGGTGCGGATATGGGCCTGCAGGCTGGGTCTCTACACAGCCGACAGCCCTGTTCTTGGGTGCAGGCTGGCACTGAGGGTGAGTTTCCCTTCAGCCCAGCAAGGGCCTGGCTACCAAGACTCACAGCCCAGTGGGGGCAGCAAGGGAGTCCTGGTTTGCCTGCAGATGGATGGTCCATCATGATCTTTCTTTCCAGGGTTCTTCTTGCTGCAGGGGGCCTGGACACATGAGGGTGAGTCCTTCTCCAAACCTTCGGGTGTCATCTCCCCACATAAGAGGATTTTCCTGAAACAGGAGGGAAGCCCGGTGGGGGATTTTCTTATAAACAAGGATGAGGAGACCCTGGGGTGCTCAGCCCACAGTTCCGACCTTGCCCTCCCCAGCCTTCCTTTCCCTTGGCTGAGTCAGGTTCTGTGGGAACCCGGGAGGGTAGACTGGGGTCCTCCAAGCTGGGCTGTGCGGCTGGGATGTGGTGTCACTGGCAGAGGAAGGGAGCAAAGCAGTGCTAGGAACAGCAGGCCTCTGAGGACAAAGGTGTAACTCACACCCTCCAGCGTTTCCATGACGGTAGGGGCTGCAGTGTGGCTGCTGTCATTCTACCTCAGAGGTGGGGGAACCCCAGCCAGGGCCCTGACCTTCCAAATCCTCTGTTGGGGGCTCAGTTGTGTATTGTGGTTCACACATTGGCTGATATTCCATTCACAAAGAACATGCCCTCGACTCCATGTCTATTTGTGTTGTTTTATGTGAGTAATCTTGCAGGATTAAAATCTAGTAGGAGTCCCTTACTCAGCACTTGCTCAAAGTTCTCAGCTGACACTTTTGTTGTAGAGAGACGCCAAGTCTATGCGGGGTGGGTCCTTCCTGTAGCCCTGGGCACCCAGGTGTGGTAGGAGCCTTAGAAAGTGGAAATGGGAGAATCTTCTGACACGTGGAGGGAGGGGCGGCTC')}","{(282, 'G>A'), (1080, 'A>C')}",KIR3DP1*013,"(919529, 924946)",71.0,0.9774685222001326,"{(335, 'delGGGGATGGAGATCTGGGCCCAGAGGTGGAGATATAGGCCTGGAGGTGGAGTTATGGGCCTGGAGTGGAGATCTGGGCCTGGAGTGGATATATGGGCCTGGAGATGGAGTGATGGGCCTAGAAGTGGAGATCTGGGTCTGGAGTGGAGATATGGGCCTGGAGGTGGAGATATGGGCCTGGAGTGGAGATCTGGGCCTGGAGTGGAGATAGGAACCTGGAGGGGAGATATGAGCCTGGAGTGAAGATATTGGCCTGGGATGGAGATATGGGCCTGGAGTGGAGACATGGGCCTGGAGGTGGAGATATGGGCCTGGAGGTGGAGACATGGGCCTAGAGGTGGATATCTGGGCCTGGAGTGGACATATGGGCCTAGGATGGAGATATGGGCCTGGGTGTGGAGATATGGGCTTGGGGTGGAGATATGGGCCTGGATTGGAGATATGGGTCTAGGGTGGAAATATTGGCCTGGAGTGGAGATATGGGCCTGGAGTGGAGATATGGGCTTGGGGTGGGGATAGGGGCCTGGGGTGCGGATATGGGCCTGCAGGCTGGGTCTCTACACAGCCGACAGCCCTGTTCTTGGGTGCAGGCTGGCACTGAGGGTGAGTTTCCCTTCAGCCCAGCAAGGGCCTGGCTACCAAGACTCACAGCCCAGTGGGGGCAGCAAGGGAGTCCTGGTTTGCCTGCAGATGGATGGTCCATCATGATCTTTCTTTCCAGGGTTCTTCTTGCTGCAGGGGGCCTGGACACATGAGGGTGAGTCCTTCTCCAAACCTTCGGGTGTCATCTCCCCACATAAGAGGATTTTCCTGAAACAGGAGGGAAGCCCGGTGGGGGATTTTCTTATAAACAAGGATGAGGAGACCCTGGGGTGCTCAGCCCACAGTTCCGACCTTGCCCTCCCCAGCCTTCCTTTCCCTTGGCTGAGTCAGGTTCTGTGGGAACCCGGGAGGGTAGACTGGGGTCCTCCAAGCTGGGCTGTGCGGCTGGGATGTGGTGTCACTGGCAGAGGAAGGGAGCAAAGCAGTGCTAGGAACAGCAGGCCTCTGAGGACAAAGGTGTAACTCACACCCTCCAGCGTTTCCATGACGGTAGGGGCTGCAGTGTGGCTGCTGTCATTCTACCTCAGAGGTGGGGGAACCCCAGCCAGGGCCCTGACCTTCCAAATCCTCTGTTGGGGGCTCAGTTGTGTATTGTGGTTCACACATTGGCTGATATTCCATTCACAAAGAACATGCCCTCGACTCCATGTCTATTTGTGTTGTTTTATGTGAGTAATCTTGCAGGATTAAAATCTAGTAGGAGTCCCTTACTCAGCACTTGCTCAAAGTTCTCAGCTGACACTTTTGTTGTAGAGAGACGCCAAGTCTATGCGGGGTGGGTCCTTCCTGTAGCCCTGGGCACCCAGGTGTGGTAGGAGCCTTAGAAAGTGGAAATGGGAGAATCTTCTGACACGTGGAGGGAGGGGCGGCTC')}","{(282, 'G>A'), (1080, 'A>C')}"
HG02622,paternal,HG02622#1#h1tg000056l,KIR2DL1*00303,"(973770, 988509)",15,0.0024752475247524774,"{(5612, 'C>T')}",set(),KIR2DL1*01202,"(973771, 988509)",302,0.698019801980198,"{(2029, 'delGTGGTCAGGACAAGCCCTTGCTGTCTGCCTGGCCAAGCCCTGTGGTGCCTCCAGGACATGTGATTCTTCAGTGTCATTCTTATCTTGGGTTTAACAACTTCAGTCTGTAAAAGGAAGATGGGGTGCCTGTCCCTGAGCTCTACAACATAATATTCTGGAACAGCCTTTTCATGGGCCCTGTGACCCCAGCACACGCAGGGACCTATACATGTCGGGGTTCACAACCACACTACCCCAGTGGGTGGTCGGCACCCAGCAACCCCCTGGAGATCACGGTCACAG')}",set(),KIR2DL1*01202,"(974280, 988241)",302.0,0.698019801980198,"{(2029, 'delGTGGTCAGGACAAGCCCTTGCTGTCTGCCTGGCCAAGCCCTGTGGTGCCTCCAGGACATGTGATTCTTCAGTGTCATTCTTATCTTGGGTTTAACAACTTCAGTCTGTAAAAGGAAGATGGGGTGCCTGTCCCTGAGCTCTACAACATAATATTCTGGAACAGCCTTTTCATGGGCCCTGTGACCCCAGCACACGCAGGGACCTATACATGTCGGGGTTCACAACCACACTACCCCAGTGGGTGGTCGGCACCCAGCAACCCCCTGGAGATCACGGTCACAG')}",set()
HG02622,paternal,HG02622#1#h1tg000056l,KIR2DP1*0030102,"(990213, 1003337)",31,0.005398110661268607,set(),"{(2379, 'C>A'), (12505, 'A>G'), (3992, 'T>C'), (2350, 'C>A')}",KIR2DP1*013,"(990214, 1003337)",377,0.38326585695006743,"{(2119, 'delGTGGTCAGGACAAGCCCTTGCTGTCTGCCTGGCCCAGCTCTGTGGTGCCTCCAGGACATGTGATTCTTCGGTGTCATTCTTATCTTGGGTTTAACAACTTCAGTCTGTAAAAGGAAGATGGGGTGCCTGGCACTGAGCTCTACAACAGAATATTCTGGAAGAGCCTTTTCATGGGCCCTGTGACCCCAGCACACACAGGGACGTACAGATGTCGGGGTTCACACCCACACTCCCCCAGTGGGTGGTCGGCACCCAGCAACCCCCTGGTGATCATGGCCACAG')}","{(2379, 'C>A'), (2350, 'C>A')}",KIR2DP1*013,"(990723, 1003070)",377.0,0.38326585695006743,"{(2119, 'delGTGGTCAGGACAAGCCCTTGCTGTCTGCCTGGCCCAGCTCTGTGGTGCCTCCAGGACATGTGATTCTTCGGTGTCATTCTTATCTTGGGTTTAACAACTTCAGTCTGTAAAAGGAAGATGGGGTGCCTGGCACTGAGCTCTACAACAGAATATTCTGGAAGAGCCTTTTCATGGGCCCTGTGACCCCAGCACACACAGGGACGTACAGATGTCGGGGTTCACACCCACACTCCCCCAGTGGGTGGTCGGCACCCAGCAACCCCCTGGTGATCATGGCCACAG')}","{(2379, 'C>A'), (2350, 'C>A')}"
HG02622,paternal,HG02622#1#h1tg000056l,KIR2DL4*0110101,"(895300, 906475)",2,0.0,set(),set(),KIR2DL4*0050101,"(895301, 906475)",56,0.016260162601625994,set(),"{(9837, 'C>T'), (9877, 'delA')}",KIR2DL4*0110101,"(895707, 906208)",2.0,0.0,set(),set()
NA20129,paternal,NA20129#1#h1tg000012l,KIR3DL3*055,"(972514, 984912)",107,0.005747126436781658,"{(1938, 'G>A')}",set(),KIR3DL3*005,"(972515, 984912)",794,0.02298850574712641,"{(262, 'insTCAT')}",set(),KIR3DL3*005,"(973051, 984650)",794.0,0.02298850574712641,"{(262, 'insTCAT')}",set()
HG02717,maternal,HG02717#2#h2tg000162l,KIR3DP1*0090102,"(923873, 929566)",32,0.001325381047051044,set(),"{(282, 'G>A'), (5550, 'T>C')}",KIR3DP1*0100101,"(923883, 929299)",1638,0.9781312127236581,"{(5528, 'G>C'), (335, 'delGGGGATGGAGATCTGGGCCCAGAGGTGGAGATATAGGCCTGGAGGTGGAGTTATGGGCCTGGAGTGGAGATCTGGGCCTGGAGTGGATATATGGGCCTGGAGATGGAGTGATGGGCCTAGAAGTGGAGATCTGGGTCTGGAGTGGAGATATGGGCCTGGAGGTGGAGATATGGGCCTGGAGTGGAGATCTGGGCCTGGAGTGGAGATAGGAACCTGGAGGGGAGATATGAGCCTGGAGTGAAGATATTGGCCTGGGATGGAGATATGGGCCTGGAGTGGAGACATGGGCCTGGAGGTGGAGATATGGGCCTGGAGGTGGAGACATGGGCCTAGAGGTGGATATCTGGGCCTGGAGTGGACATATGGGCCTAGGATGGAGATATGGGCCTGGGTGTGGAGATATGGGCTTGGGGTGGAGATATGGGCCTGGATTGGAGATATGGGTCTAGGGTGGAAATATTGGCCTGGAGTGGAGATATGGGCCTGGAGTGGAGATATGGGCTTGGGGTGGGGATAGGGGCCTGGGGTGCGGATATGGGCCTGCAGGCTGGGTCTCTACACAGCCGACAGCCCTGTTCTTGGGTGCAGGCTGGCACTGAGGGTGAGTTTCCCTTCAGCCCAGCAAGGGCCTGGCTACCAAGACTCACAGCCCAGTGGGGGCAGCAAGGGAGTCCTGGTTTGCCTGCAGATGGATGGTCCATCATGATCTTTCTTTCCAGGGTTCTTCTTGCTGCAGGGGGCCTGGACACATGAGGGTGAGTCCTTCTCCAAACCTTCGGGTGTCATCTCCCCACATAAGAGGATTTTCCTGAAACAGGAGGGAAGCCCGGTGGGGGATTTTCTTATAAACAAGGATGAGGAGACCCTGGGGTGCTCAGCCCACAGTTCCGACCTTGCCCTCCCCAGCCTTCCTTTCCCTTGGCTGAGTCAGGTTCTGTGGGAACCCGGGAGGGTAGACTGGGGTCCTCCAAGCTGGGCTGTGCGGCTGGGATGTGGTGTCACTGGCAGAGGAAGGGAGCAAAGCAGTGCTAGGAACAGCAGGCCTCTGAGGACAAAGGTGTAACTCACACCCTCCAGCGTTTCCATGACGGTAGGGGCTGCAGTGTGGCTGCTGTCATTCTACCTCAGAGGTGGGGGAACCCCAGCCAGGGCCCTGACCTTCCAAATCCTCTGTTGGGGGCTCAGTTGTGTATTGTGGTTCACACATTGGCTGATATTCCATTCACAAAGAACATGCCCTCGACTCCATGTCTATTTGTGTTGTTTTATGTGAGTAATCTTGCAGGATTAAAATCTAGTAGGAGTCCCTTACTCAGCACTTGCTCAAAGTTCTCAGCTGACACTTTTGTTGTAGAGAGACGCCAAGTCTATGCGGGGTGGGTCCTTCCTGTAGCCCTGGGCACCCAGGTGTGGTAGGAGCCTTAGAAAGTGGAAATGGGAGAATCTTCTGACACGTGGAGGGAGGGGCGGCTC')}","{(282, 'G>A'), (1080, 'A>C')}",KIR3DP1*013,"(923882, 929299)",71.0,0.9774685222001326,"{(335, 'delGGGGATGGAGATCTGGGCCCAGAGGTGGAGATATAGGCCTGGAGGTGGAGTTATGGGCCTGGAGTGGAGATCTGGGCCTGGAGTGGATATATGGGCCTGGAGATGGAGTGATGGGCCTAGAAGTGGAGATCTGGGTCTGGAGTGGAGATATGGGCCTGGAGGTGGAGATATGGGCCTGGAGTGGAGATCTGGGCCTGGAGTGGAGATAGGAACCTGGAGGGGAGATATGAGCCTGGAGTGAAGATATTGGCCTGGGATGGAGATATGGGCCTGGAGTGGAGACATGGGCCTGGAGGTGGAGATATGGGCCTGGAGGTGGAGACATGGGCCTAGAGGTGGATATCTGGGCCTGGAGTGGACATATGGGCCTAGGATGGAGATATGGGCCTGGGTGTGGAGATATGGGCTTGGGGTGGAGATATGGGCCTGGATTGGAGATATGGGTCTAGGGTGGAAATATTGGCCTGGAGTGGAGATATGGGCCTGGAGTGGAGATATGGGCTTGGGGTGGGGATAGGGGCCTGGGGTGCGGATATGGGCCTGCAGGCTGGGTCTCTACACAGCCGACAGCCCTGTTCTTGGGTGCAGGCTGGCACTGAGGGTGAGTTTCCCTTCAGCCCAGCAAGGGCCTGGCTACCAAGACTCACAGCCCAGTGGGGGCAGCAAGGGAGTCCTGGTTTGCCTGCAGATGGATGGTCCATCATGATCTTTCTTTCCAGGGTTCTTCTTGCTGCAGGGGGCCTGGACACATGAGGGTGAGTCCTTCTCCAAACCTTCGGGTGTCATCTCCCCACATAAGAGGATTTTCCTGAAACAGGAGGGAAGCCCGGTGGGGGATTTTCTTATAAACAAGGATGAGGAGACCCTGGGGTGCTCAGCCCACAGTTCCGACCTTGCCCTCCCCAGCCTTCCTTTCCCTTGGCTGAGTCAGGTTCTGTGGGAACCCGGGAGGGTAGACTGGGGTCCTCCAAGCTGGGCTGTGCGGCTGGGATGTGGTGTCACTGGCAGAGGAAGGGAGCAAAGCAGTGCTAGGAACAGCAGGCCTCTGAGGACAAAGGTGTAACTCACACCCTCCAGCGTTTCCATGACGGTAGGGGCTGCAGTGTGGCTGCTGTCATTCTACCTCAGAGGTGGGGGAACCCCAGCCAGGGCCCTGACCTTCCAAATCCTCTGTTGGGGGCTCAGTTGTGTATTGTGGTTCACACATTGGCTGATATTCCATTCACAAAGAACATGCCCTCGACTCCATGTCTATTTGTGTTGTTTTATGTGAGTAATCTTGCAGGATTAAAATCTAGTAGGAGTCCCTTACTCAGCACTTGCTCAAAGTTCTCAGCTGACACTTTTGTTGTAGAGAGACGCCAAGTCTATGCGGGGTGGGTCCTTCCTGTAGCCCTGGGCACCCAGGTGTGGTAGGAGCCTTAGAAAGTGGAAATGGGAGAATCTTCTGACACGTGGAGGGAGGGGCGGCTC')}","{(282, 'G>A'), (1080, 'A>C')}"
HG02717,maternal,HG02717#2#h2tg000162l,KIR2DL1*00303,"(978123, 992862)",15,0.0024752475247524774,"{(5612, 'C>T')}",set(),KIR2DL1*01202,"(978124, 992862)",302,0.698019801980198,"{(2029, 'delGTGGTCAGGACAAGCCCTTGCTGTCTGCCTGGCCAAGCCCTGTGGTGCCTCCAGGACATGTGATTCTTCAGTGTCATTCTTATCTTGGGTTTAACAACTTCAGTCTGTAAAAGGAAGATGGGGTGCCTGTCCCTGAGCTCTACAACATAATATTCTGGAACAGCCTTTTCATGGGCCCTGTGACCCCAGCACACGCAGGGACCTATACATGTCGGGGTTCACAACCACACTACCCCAGTGGGTGGTCGGCACCCAGCAACCCCCTGGAGATCACGGTCACAG')}",set(),KIR2DL1*01202,"(978633, 992594)",302.0,0.698019801980198,"{(2029, 'delGTGGTCAGGACAAGCCCTTGCTGTCTGCCTGGCCAAGCCCTGTGGTGCCTCCAGGACATGTGATTCTTCAGTGTCATTCTTATCTTGGGTTTAACAACTTCAGTCTGTAAAAGGAAGATGGGGTGCCTGTCCCTGAGCTCTACAACATAATATTCTGGAACAGCCTTTTCATGGGCCCTGTGACCCCAGCACACGCAGGGACCTATACATGTCGGGGTTCACAACCACACTACCCCAGTGGGTGGTCGGCACCCAGCAACCCCCTGGAGATCACGGTCACAG')}",set()
HG02717,maternal,HG02717#2#h2tg000162l,KIR2DP1*0030102,"(994566, 1007690)",31,0.005398110661268607,set(),"{(2379, 'C>A'), (12505, 'A>G'), (3992, 'T>C'), (2350, 'C>A')}",KIR2DP1*013,"(994567, 1007690)",377,0.38326585695006743,"{(2119, 'delGTGGTCAGGACAAGCCCTTGCTGTCTGCCTGGCCCAGCTCTGTGGTGCCTCCAGGACATGTGATTCTTCGGTGTCATTCTTATCTTGGGTTTAACAACTTCAGTCTGTAAAAGGAAGATGGGGTGCCTGGCACTGAGCTCTACAACAGAATATTCTGGAAGAGCCTTTTCATGGGCCCTGTGACCCCAGCACACACAGGGACGTACAGATGTCGGGGTTCACACCCACACTCCCCCAGTGGGTGGTCGGCACCCAGCAACCCCCTGGTGATCATGGCCACAG')}","{(2379, 'C>A'), (2350, 'C>A')}",KIR2DP1*013,"(995076, 1007423)",377.0,0.38326585695006743,"{(2119, 'delGTGGTCAGGACAAGCCCTTGCTGTCTGCCTGGCCCAGCTCTGTGGTGCCTCCAGGACATGTGATTCTTCGGTGTCATTCTTATCTTGGGTTTAACAACTTCAGTCTGTAAAAGGAAGATGGGGTGCCTGGCACTGAGCTCTACAACAGAATATTCTGGAAGAGCCTTTTCATGGGCCCTGTGACCCCAGCACACACAGGGACGTACAGATGTCGGGGTTCACACCCACACTCCCCCAGTGGGTGGTCGGCACCCAGCAACCCCCTGGTGATCATGGCCACAG')}","{(2379, 'C>A'), (2350, 'C>A')}"
HG02717,maternal,HG02717#2#h2tg000162l,KIR2DL4*0110101,"(899653, 910828)",2,0.0,set(),set(),KIR2DL4*0050101,"(899654, 910828)",56,0.016260162601625994,set(),"{(9837, 'C>T'), (9877, 'delA')}",KIR2DL4*0110101,"(900060, 910561)",2.0,0.0,set(),set()
HG03486,paternal,HG03486#1#h1tg000263l,KIR2DL1*00303,"(358531, 373278)",88,0.007425742574257432,"{(13433, 'A>G')}","{(13416, 'C>T'), (5757, 'T>C')}",KIR2DL1*00601,"(358537, 373278)",371,0.698019801980198,"{(2029, 'delGTGGTCAGGACAAGCCCTTGCTGTCTGCCTGGCCAAGCCCTGTGGTGCCTCCAGGACATGTGATTCTTCAGTGTCATTCTTATCTTGGGTTTAACAACTTCAGTCTGTAAAAGGAAGATGGGGTGCCTGTCCCTGAGCTCTACAACATAATATTCTGGAACAGCCTTTTCATGGGCCCTGTGACCCCAGCACACGCAGGGACCTATACATGTCGGGGTTCACAACCACACTACCCCAGTGGGTGGTCGGCACCCAGCAACCCCCTGGAGATCACGGTCACAG')}",set(),KIR2DL1*00601,"(358799, 372768)",371.0,0.698019801980198,"{(2029, 'delGTGGTCAGGACAAGCCCTTGCTGTCTGCCTGGCCAAGCCCTGTGGTGCCTCCAGGACATGTGATTCTTCAGTGTCATTCTTATCTTGGGTTTAACAACTTCAGTCTGTAAAAGGAAGATGGGGTGCCTGTCCCTGAGCTCTACAACATAATATTCTGGAACAGCCTTTTCATGGGCCCTGTGACCCCAGCACACGCAGGGACCTATACATGTCGGGGTTCACAACCACACTACCCCAGTGGGTGGTCGGCACCCAGCAACCCCCTGGAGATCACGGTCACAG')}",set()
HG03486,paternal,HG03486#1#h1tg000263l,KIR2DP1*010,"(343700, 356827)",38,0.0027063599458727605,"{(9181, 'G>A')}","{(288, 'A>G')}",KIR2DP1*006,"(343701, 356827)",42,0.0027063599458727605,set(),"{(288, 'A>G'), (5685, 'A>G')}",KIR2DP1*006,"(343967, 356317)",42.0,0.0027063599458727605,set(),"{(288, 'A>G'), (5685, 'A>G')}"
NA21309,maternal,NA21309#2#h2tg000212l,KIR3DL3*055,"(973610, 986008)",107,0.005747126436781658,"{(1938, 'G>A')}",set(),KIR3DL3*005,"(973611, 986008)",794,0.02298850574712641,"{(262, 'insTCAT')}",set(),KIR3DL3*005,"(974147, 985746)",794.0,0.02298850574712641,"{(262, 'insTCAT')}",set()
HG03579,paternal,HG03579#1#h1tg000183l,KIR2DL1*00303,"(643811, 658558)",87,0.007425742574257432,"{(13433, 'A>G')}","{(13416, 'C>T'), (5757, 'T>C')}",KIR2DL1*00601,"(643817, 658558)",370,0.698019801980198,"{(2029, 'delGTGGTCAGGACAAGCCCTTGCTGTCTGCCTGGCCAAGCCCTGTGGTGCCTCCAGGACATGTGATTCTTCAGTGTCATTCTTATCTTGGGTTTAACAACTTCAGTCTGTAAAAGGAAGATGGGGTGCCTGTCCCTGAGCTCTACAACATAATATTCTGGAACAGCCTTTTCATGGGCCCTGTGACCCCAGCACACGCAGGGACCTATACATGTCGGGGTTCACAACCACACTACCCCAGTGGGTGGTCGGCACCCAGCAACCCCCTGGAGATCACGGTCACAG')}",set(),KIR2DL1*00601,"(644079, 658048)",370.0,0.698019801980198,"{(2029, 'delGTGGTCAGGACAAGCCCTTGCTGTCTGCCTGGCCAAGCCCTGTGGTGCCTCCAGGACATGTGATTCTTCAGTGTCATTCTTATCTTGGGTTTAACAACTTCAGTCTGTAAAAGGAAGATGGGGTGCCTGTCCCTGAGCTCTACAACATAATATTCTGGAACAGCCTTTTCATGGGCCCTGTGACCCCAGCACACGCAGGGACCTATACATGTCGGGGTTCACAACCACACTACCCCAGTGGGTGGTCGGCACCCAGCAACCCCCTGGAGATCACGGTCACAG')}",set()
HG03579,paternal,HG03579#1#h1tg000183l,KIR2DP1*010,"(628980, 642107)",37,0.0027063599458727605,"{(9181, 'G>A')}","{(288, 'A>G')}",KIR2DP1*006,"(628981, 642107)",41,0.0027063599458727605,set(),"{(288, 'A>G'), (5685, 'A>G')}",KIR2DP1*006,"(629247, 641597)",41.0,0.0027063599458727605,set(),"{(288, 'A>G'), (5685, 'A>G')}"
NA19240,paternal,NA19240#1#h1tg000198l,KIR3DL3*055,"(314154, 326552)",107,0.005747126436781658,"{(1938, 'G>A')}",set(),KIR3DL3*005,"(314155, 326552)",794,0.02298850574712641,"{(262, 'insTCAT')}",set(),KIR3DL3*005,"(314416, 326015)",794.0,0.02298850574712641,"{(262, 'insTCAT')}",set()
NA19240,paternal,NA19240#1#h1tg000198l,KIR3DL2*105,"(454936, 471941)",68,0.005235602094240788,"{(2056, 'C>G')}",set(),KIR3DL2*10001,"(454937, 471933)",68,0.005235602094240788,set(),"{(279, 'G>T')}",KIR3DL2*10001,"(455204, 471456)",68.0,0.005235602094240788,set(),"{(279, 'G>T')}"
NA21309,paternal,NA21309#1#h1tg000308l,KIR3DP1*002,"(921817, 927490)",51,0.000662690523525522,set(),"{(5550, 'T>C')}",KIR3DP1*002,"(921827, 927223)",51,0.000662690523525522,set(),"{(5550, 'T>C')}",KIR3DP1*0100101,"(921826, 927223)",1617.0,0.9768058316766071,"{(335, 'delGGGGATGGAGATCTGGGCCCAGAGGTGGAGATATAGGCCTGGAGGTGGAGTTATGGGCCTGGAGTGGAGATCTGGGCCTGGAGTGGATATATGGGCCTGGAGATGGAGTGATGGGCCTAGAAGTGGAGATCTGGGTCTGGAGTGGAGATATGGGCCTGGAGGTGGAGATATGGGCCTGGAGTGGAGATCTGGGCCTGGAGTGGAGATAGGAACCTGGAGGGGAGATATGAGCCTGGAGTGAAGATATTGGCCTGGGATGGAGATATGGGCCTGGAGTGGAGACATGGGCCTGGAGGTGGAGATATGGGCCTGGAGGTGGAGACATGGGCCTAGAGGTGGATATCTGGGCCTGGAGTGGACATATGGGCCTAGGATGGAGATATGGGCCTGGGTGTGGAGATATGGGCTTGGGGTGGAGATATGGGCCTGGATTGGAGATATGGGTCTAGGGTGGAAATATTGGCCTGGAGTGGAGATATGGGCCTGGAGTGGAGATATGGGCTTGGGGTGGGGATAGGGGCCTGGGGTGCGGATATGGGCCTGCAGGCTGGGTCTCTACACAGCCGACAGCCCTGTTCTTGGGTGCAGGCTGGCACTGAGGGTGAGTTTCCCTTCAGCCCAGCAAGGGCCTGGCTACCAAGACTCACAGCCCAGTGGGGGCAGCAAGGGAGTCCTGGTTTGCCTGCAGATGGATGGTCCATCATGATCTTTCTTTCCAGGGTTCTTCTTGCTGCAGGGGGCCTGGACACATGAGGGTGAGTCCTTCTCCAAACCTTCGGGTGTCATCTCCCCACATAAGAGGATTTTCCTGAAACAGGAGGGAAGCCCGGTGGGGGATTTTCTTATAAACAAGGATGAGGAGACCCTGGGGTGCTCAGCCCACAGTTCCGACCTTGCCCTCCCCAGCCTTCCTTTCCCTTGGCTGAGTCAGGTTCTGTGGGAACCCGGGAGGGTAGACTGGGGTCCTCCAAGCTGGGCTGTGCGGCTGGGATGTGGTGTCACTGGCAGAGGAAGGGAGCAAAGCAGTGCTAGGAACAGCAGGCCTCTGAGGACAAAGGTGTAACTCACACCCTCCAGCGTTTCCATGACGGTAGGGGCTGCAGTGTGGCTGCTGTCATTCTACCTCAGAGGTGGGGGAACCCCAGCCAGGGCCCTGACCTTCCAAATCCTCTGTTGGGGGCTCAGTTGTGTATTGTGGTTCACACATTGGCTGATATTCCATTCACAAAGAACATGCCCTCGACTCCATGTCTATTTGTGTTGTTTTATGTGAGTAATCTTGCAGGATTAAAATCTAGTAGGAGTCCCTTACTCAGCACTTGCTCAAAGTTCTCAGCTGACACTTTTGTTGTAGAGAGACGCCAAGTCTATGCGGGGTGGGTCCTTCCTGTAGCCCTGGGCACCCAGGTGTGGTAGGAGCCTTAGAAAGTGGAAATGGGAGAATCTTCTGACACGTGGAGGGAGGGGCGGCTC')}","{(1080, 'A>C')}"
NA21309,paternal,NA21309#1#h1tg000308l,KIR2DS5*010,"(960549, 975795)",25,0.0027173913043477826,"{(6158, 'C>T')}",set(),KIR2DS5*004,"(960550, 975795)",314,0.7663043478260869,"{(2541, 'delGTGGTCAGGACAAGCCCTTGCTTTCTACCTGGCCCAGCCTTGTGGTGCCTCCAGAACATGTGACTCTTCGGTGTCACTCTAATCTTGGGTTTAACAACTTCAGTCTGTACAAGGATGATGGGGTGCCTGTCCCTGAGCTCTACAACAGAATATTCTGGAAAAGCCTTTTCATGGGCCCTGTGACCCCGTCACACACAGGGACCTATAGATGCCGGGGTTCACACACACACTCCCCCAGTGGGGGGTCGGCACCCAGCAACCCCCTGGTGATCGTGGTCACAG')}",set(),KIR2DS5*004,"(961194, 975527)",314.0,0.7663043478260869,"{(2541, 'delGTGGTCAGGACAAGCCCTTGCTTTCTACCTGGCCCAGCCTTGTGGTGCCTCCAGAACATGTGACTCTTCGGTGTCACTCTAATCTTGGGTTTAACAACTTCAGTCTGTACAAGGATGATGGGGTGCCTGTCCCTGAGCTCTACAACAGAATATTCTGGAAAAGCCTTTTCATGGGCCCTGTGACCCCGTCACACACAGGGACCTATAGATGCCGGGGTTCACACACACACTCCCCCAGTGGGGGGTCGGCACCCAGCAACCCCCTGGTGATCGTGGTCACAG')}",set()
NA21309,paternal,NA21309#1#h1tg000308l,KIR2DL2*0030103,"(988978, 1003769)",547,0.005747126436781658,set(),"{(3753, 'G>C'), (3799, 'T>C')}",KIR2DL2*00602,"(988979, 1003769)",368,0.8074712643678161,"{(2005, 'delGTGGTCAGGACAAGCCCTTGCTGTCTGCCTGGCCCAGCCTTGTGGTGCCTCTAGGACATGTCATTCTTCGGTGTCACTCTTATCTTGGGTTTAACAACTTCAGTCTGTACAAGGAAGGTGGGGTGCCTGTCCCTGAGCTCTACAACAGAATATTCTGGAACAGCCTTTTCATGGGCCCTGTGACCCCCGCACAACAGGGACATACAGATGTCGGGGTTCACACACACACTCCCCCAGTGGGTGGTCAGCACCCAGCAACCCCCTGGTGATCGTGGTCATAG')}",set(),KIR2DL2*00602,"(989488, 1003469)",368.0,0.8074712643678161,"{(2005, 'delGTGGTCAGGACAAGCCCTTGCTGTCTGCCTGGCCCAGCCTTGTGGTGCCTCTAGGACATGTCATTCTTCGGTGTCACTCTTATCTTGGGTTTAACAACTTCAGTCTGTACAAGGAAGGTGGGGTGCCTGTCCCTGAGCTCTACAACAGAATATTCTGGAACAGCCTTTTCATGGGCCCTGTGACCCCCGCACAACAGGGACATACAGATGTCGGGGTTCACACACACACTCCCCCAGTGGGTGGTCAGCACCCAGCAACCCCCTGGTGATCGTGGTCATAG')}",set()
NA18906,paternal,NA18906#1#h1tg000120l,KIR2DL1*0040102,"(592812, 607540)",42,0.0024752475247524774,set(),"{(280, 'G>T')}",KIR2DL1*0040101,"(592813, 607540)",56,0.0024752475247524774,set(),"{(280, 'G>T')}",KIR2DL1*01102,"(593080, 607030)",451.0,0.7004950495049505,"{(2029, 'delGTGGTCAGGACAAGCCCTTGCTGTCTGCCTGGCCAAGCCCTGTGGTGCCTCCAGGACATGTGATTCTTCAGTGTCATTCTTATCTTGGGTTTAACAACTTCAGTCTGTAAAAGGAAGATGGGGTGCCTGTCCCTGAGCTCTACAACATAATATTCTGGAACAGCCTTTTCATGGGCCCTGTGACCCCAGCACACGCAGGGACCTATACATGTCGGGGTTCACAACCACACTACCCCAGTGGGTGGTCGGCACCCAGCAACCCCCTGGAGATCACGGTCACAG'), (5829, 'C>T')}",set()
NA18906,paternal,NA18906#1#h1tg000120l,KIR2DL3*0020103,"(561524, 576282)",46,0.009685230024213065,"{(9063, 'C>T')}","{(14159, 'C>T'), (13929, 'T>C'), (2082, 'A>C')}",KIR2DL3*01202,"(561525, 576282)",363,0.6852300242130751,"{(1973, 'delGTGGTCAGGACAAGCCCTTGCTGTCTGCCTGGCCCAGCCTTGTGGTGCCTCTAGGACATGTCATTCTTCGGTGTCACTCTTATCTTGGGTTTAACAACTTCAGTCTGTAAAAGGAAGGTGGGGTGCCTGTCCCTGAGCTCTACAACAGAATATTCTGGAACAGCCTTTTCATGGGCCCTGTGACCCCCGCACACACAGGGACATACAGATGTCGGGGTTCACACACACACTCCCCCAGTGGGTGGTCAGCACCCAGCAACCCCCTGGTGATCGTGGTCATAG')}","{(2082, 'A>C')}",KIR2DL3*01202,"(561792, 575748)",363.0,0.6852300242130751,"{(1973, 'delGTGGTCAGGACAAGCCCTTGCTGTCTGCCTGGCCCAGCCTTGTGGTGCCTCTAGGACATGTCATTCTTCGGTGTCACTCTTATCTTGGGTTTAACAACTTCAGTCTGTAAAAGGAAGGTGGGGTGCCTGTCCCTGAGCTCTACAACAGAATATTCTGGAACAGCCTTTTCATGGGCCCTGTGACCCCCGCACACACAGGGACATACAGATGTCGGGGTTCACACACACACTCCCCCAGTGGGTGGTCAGCACCCAGCAACCCCCTGGTGATCGTGGTCATAG')}","{(2082, 'A>C')}"
NA19240,maternal,NA19240#2#h2tg000113l,KIR2DL2*0030103,"(912042, 926837)",677,0.04843304843304841,set(),"{(3753, 'G>C'), (5720, 'G>A'), (3904, 'C>T'), (14022, 'G>T'), (1243, 'G>C'), (9138, 'A>G'), (14264, 'A>G'), (2193, 'G>A'), (5742, 'C>G'), (9137, 'T>C'), (2219, 'G>A'), (3809, 'G>C'), (14005, 'G>A'), (14204, 'G>A'), (3889, 'A>G'), (13981, 'G>T'), (3828, 'G>C')}",KIR2DL2*004,"(912515, 926837)",488,0.809116809116809,"{(2005, 'delGTGGTCAGGACAAGCCCTTGCTGTCTGCCTGGCCCAGCCTTGTGGTGCCTCTAGGACATGTCATTCTTCGGTGTCACTCTTATCTTGGGTTTAACAACTTCAGTCTGTACAAGGAAGGTGGGGTGCCTGTCCCTGAGCTCTACAACAGAATATTCTGGAACAGCCTTTTCATGGGCCCTGTGACCCCCGCACAACAGGGACATACAGATGTCGGGGTTCACACACACACTCCCCCAGTGGGTGGTCAGCACCCAGCAACCCCCTGGTGATCGTGGTCATAG')}","{(2193, 'G>A'), (1243, 'G>C'), (2219, 'G>A')}",KIR2DL2*004,"(912552, 926537)",488.0,0.809116809116809,"{(2005, 'delGTGGTCAGGACAAGCCCTTGCTGTCTGCCTGGCCCAGCCTTGTGGTGCCTCTAGGACATGTCATTCTTCGGTGTCACTCTTATCTTGGGTTTAACAACTTCAGTCTGTACAAGGAAGGTGGGGTGCCTGTCCCTGAGCTCTACAACAGAATATTCTGGAACAGCCTTTTCATGGGCCCTGTGACCCCCGCACAACAGGGACATACAGATGTCGGGGTTCACACACACACTCCCCCAGTGGGTGGTCAGCACCCAGCAACCCCCTGGTGATCGTGGTCATAG')}","{(2193, 'G>A'), (1243, 'G>C'), (2219, 'G>A')}"
NA19240,maternal,NA19240#2#h2tg000113l,KIR2DS2*0010130,"(928437, 943110)",192,0.012307692307692353,set(),"{(8922, 'A>G'), (13212, 'T>C'), (2082, 'insC'), (1127, 'G>C')}",KIR2DS2*004,"(928438, 943110)",466,0.8676923076923077,"{(1889, 'delGTGGTCAGGACAAGCCCTTGCTGTCTGCCTGGCCCAGCCTTGTGGTGCCTCTAGGACATGTCATTCTTCGGTGTCACTCTTATCTTGGGTTTAACAACTTCAGTCTGTACAAGGAAGGTGGGGTGCCTGTCCCTGAGCTCTACAACAGAATATTCTGGAACAGCCTTTTCATGGGCCCTGTGACCCCCGCACAACAGGGACATACAGATGTCGGGGTTCACACACACACTCCCCCAGTGGGTGGTCAGCACCCAGCAACCCCCTGGTGATCGTGGTCATAG')}","{(2082, 'insC')}",KIR2DS2*004,"(929061, 942810)",466.0,0.8676923076923077,"{(1889, 'delGTGGTCAGGACAAGCCCTTGCTGTCTGCCTGGCCCAGCCTTGTGGTGCCTCTAGGACATGTCATTCTTCGGTGTCACTCTTATCTTGGGTTTAACAACTTCAGTCTGTACAAGGAAGGTGGGGTGCCTGTCCCTGAGCTCTACAACAGAATATTCTGGAACAGCCTTTTCATGGGCCCTGTGACCCCCGCACAACAGGGACATACAGATGTCGGGGTTCACACACACACTCCCCCAGTGGGTGGTCAGCACCCAGCAACCCCCTGGTGATCGTGGTCATAG')}","{(2082, 'insC')}"
NA19240,maternal,NA19240#2#h2tg000113l,KIR2DS5*00502,"(883540, 898786)",44,0.010869565217391353,"{(6114, 'C>A')}","{(6146, 'G>A'), (4526, 'G>T'), (6147, 'C>T')}",KIR2DS5*003,"(883541, 898786)",319,0.7690217391304348,"{(2541, 'delGTGGTCAGGACAAGCCCTTGCTTTCTACCTGGCCCAGCCTTGTGGTGCCTCCAGAACATGTGACTCTTCGGTGTCACTCTAATCTTGGGTTTAACAACTTCAGTCTGTACAAGGATGATGGGGTGCCTGTCCCTGAGCTCTACAACAGAATATTCTGGAAAAGCCTTTTCATGGGCCCTGTGACCCCGTCACACACAGGGACCTATAGATGCCGGGGTTCACACACACACTCCCCCAGTGGGGGGTCGGCACCCAGCAACCCCCTGGTGATCGTGGTCACAG')}","{(273, 'G>A')}",KIR2DS5*003,"(884185, 898502)",319.0,0.7690217391304348,"{(2541, 'delGTGGTCAGGACAAGCCCTTGCTTTCTACCTGGCCCAGCCTTGTGGTGCCTCCAGAACATGTGACTCTTCGGTGTCACTCTAATCTTGGGTTTAACAACTTCAGTCTGTACAAGGATGATGGGGTGCCTGTCCCTGAGCTCTACAACAGAATATTCTGGAAAAGCCTTTTCATGGGCCCTGTGACCCCGTCACACACAGGGACCTATAGATGCCGGGGTTCACACACACACTCCCCCAGTGGGGGGTCGGCACCCAGCAACCCCCTGGTGATCGTGGTCACAG')}","{(273, 'G>A')}"
NA19240,maternal,NA19240#2#h2tg000113l,KIR2DS1*0020103,"(867101, 881821)",11,0.006711409395973145,set(),"{(9066, 'G>A'), (4009, 'T>G')}",KIR2DS1*004,"(867102, 881821)",293,0.9463087248322147,"{(2028, 'delGTGGTCAGGACAAGCCCTTGCTGTCTGCCTGGCCAAGCCCTGTGGTGCCTCCAGGATATGTGATTCTTCAGTGTCATTCTTATCTTGGGTTTAACAACTTCAGTCTGTAAAAGGAAGATGGGGTGCCTGTCCCTGAGCTCTACAACATAATATTCTGGAACAGCCTTTTCATGGGCCCTGTGACCCCAGCACACGCAGGGACCTATACATGTCGGGGTTCACAACCACACTACCCCAGTGGGTGGTCGGCACCCAGCAACCCCCTGGAGATCACGGTCACAG')}",set(),KIR2DS1*004,"(867725, 881554)",293.0,0.9463087248322147,"{(2028, 'delGTGGTCAGGACAAGCCCTTGCTGTCTGCCTGGCCAAGCCCTGTGGTGCCTCCAGGATATGTGATTCTTCAGTGTCATTCTTATCTTGGGTTTAACAACTTCAGTCTGTAAAAGGAAGATGGGGTGCCTGTCCCTGAGCTCTACAACATAATATTCTGGAACAGCCTTTTCATGGGCCCTGTGACCCCAGCACACGCAGGGACCTATACATGTCGGGGTTCACAACCACACTACCCCAGTGGGTGGTCGGCACCCAGCAACCCCCTGGAGATCACGGTCACAG')}",set()
